setting,n,m,Cox_negll,AM_negll,LT_negll,Flex_negll,Cox_npar,AM_npar,LT_npar,Flex_npar
1,1000,1000,-0.7227224386970643,-0.6367975693636968,-0.6765337590145086,-0.7356710520795313,14,10,15,22
1,1000,1000,-0.8784827419129819,-0.7679008027695109,-0.8005114231252533,-0.88573188390319,14,10,15,22
1,1000,1000,-0.6954430645478442,-0.5790275748127742,-0.6534067199268725,-0.6996514050494088,14,10,15,22
1,1000,1000,-0.7971822506132534,-0.7045092705357361,-0.7232827730902017,-0.8047310584036345,14,10,15,22
1,1000,1000,-0.8973457235660363,-0.8121904766939188,-0.8193863106156436,-0.9042806591823814,14,10,15,22
1,1000,1000,-0.5349258116256755,-0.4579850579568888,-0.46882064260373,-0.53737245285064,14,10,15,22
1,1000,1000,-0.49792509293074544,-0.41340384390240886,-0.4428555666323773,-0.5034242085787505,14,10,15,22
1,1000,1000,-0.8890920221135384,-0.7804274160367282,-0.8230071012012877,-0.8964514198222587,14,10,15,22
1,1000,1000,-1.035539501952846,-0.8983050023680894,-0.9892262195098293,-1.0480588889557467,14,10,15,22
1,1000,1000,-0.7902674584542365,-0.6816666922111494,-0.7300772246875181,-0.8005320082900311,14,10,15,22
1,1000,1000,-0.48955808866642336,-0.3761709836999171,-0.4586230980284727,-0.49297553575933306,14,10,15,22
1,1000,1000,-0.9975797958930216,-0.8785945219800596,-0.9158575348987642,-0.9990739217834889,14,10,15,22
1,1000,1000,-0.7355383954779773,-0.6514156169777621,-0.6551522408650425,-0.7391790370207314,14,10,15,22
1,1000,1000,-0.8055976868762491,-0.6997288680617635,-0.733614945431153,-0.8151753633934791,14,10,15,22
1,1000,1000,-0.6583465110429519,-0.5386156963612734,-0.6026379571805719,-0.6656564558874406,14,10,15,22
1,1000,1000,-0.44793570677708205,-0.36719346893733745,-0.4106066536913604,-0.45462907689913845,13,9,14,20
1,1000,1000,-1.2402710726855934,-1.1228146585745002,-1.1274536723006885,-1.2471110117747848,14,10,15,22
1,1000,1000,-0.7589408983907597,-0.6382153477110223,-0.6914263050302152,-0.7614149956800602,14,10,15,22
1,1000,1000,-1.2656202863061685,-1.1426985098937867,-1.1134782204143872,-1.2692742880349293,14,10,15,22
1,1000,1000,-0.9281758795886667,-0.8187423812669767,-0.8587719696160975,-0.9297218720649194,14,10,15,22
1,1000,1000,-1.4173487543343208,-1.3060099720330163,-1.3219871444645115,-1.4271951662772617,14,10,15,22
1,1000,1000,-0.5963547445755157,-0.5035472671915386,-0.5413718770078157,-0.6000044922532939,14,10,15,22
1,1000,1000,-0.8889319528349547,-0.7568141460008947,-0.800739941819932,-0.8999449837454927,14,10,15,22
1,1000,1000,-0.9339411808305126,-0.7980238609076619,-0.8722086482072091,-0.9369430244160075,14,10,15,22
1,1000,1000,-0.8788420562278247,-0.7910560789755786,-0.8161314233024077,-0.8879965336982141,14,10,15,22
1,1000,1000,-1.1079022945824455,-0.9938138975543607,-1.0340004272267547,-1.116530296671388,14,10,15,22
1,1000,1000,-0.704704073675935,-0.6090417475848044,-0.6571491470439605,-0.7144518364007963,14,10,15,22
1,1000,1000,-0.7373589891351531,-0.6232692486832662,-0.6880761104267199,-0.7452547665922311,14,10,15,22
1,1000,1000,-0.9057750540035536,-0.8271388851311217,-0.8411216548637567,-0.9139749480259329,14,10,15,22
1,1000,1000,-0.9922800376266677,-0.8655472203221307,-0.9249065457654237,-1.000550206322623,14,10,15,22
1,1000,1000,-0.8824786238073921,-0.7737010560447743,-0.8232000135801236,-0.8912288616669461,14,10,15,22
1,1000,1000,-0.6801556144191109,-0.5429606233339646,-0.6408849759871896,-0.6828989787400829,14,10,15,22
1,1000,1000,-1.1725139627209955,-1.0265292959742214,-1.0840021727830895,-1.1783761838905116,14,10,15,22
1,1000,1000,-0.8215806610923605,-0.7220615504668062,-0.7610383560322352,-0.8307465005573991,14,10,15,22
1,1000,1000,-1.2085324150598575,-1.0810225527620814,-1.115766167890801,-1.213906529707348,14,10,15,22
1,1000,1000,-0.8163055163980757,-0.6883366583414385,-0.7636052864991015,-0.8228106132730977,14,10,15,22
1,1000,1000,-0.6429044348985904,-0.5204466662405971,-0.5508347701012489,-0.6495866511953645,14,10,15,22
1,1000,1000,-0.8062057754357961,-0.6777677510372773,-0.7509269158162569,-0.8090500872866528,14,10,15,22
1,1000,1000,-0.7122181506546095,-0.6157345265328231,-0.6612954066036592,-0.7220370981350461,14,10,15,22
1,1000,1000,-0.6649992935792102,-0.5461465271832067,-0.6247887838940951,-0.6817946421852684,14,10,15,22
1,1000,1000,-0.6161467987108203,-0.5109296034998806,-0.5602033463438179,-0.6184421571906441,14,10,15,22
1,1000,1000,-0.8124723230125933,-0.7122584566422107,-0.7392798050569982,-0.817708803350919,14,10,15,22
1,1000,1000,-0.9980889648839811,-0.8672655341527229,-0.9132849475931748,-0.9997165793522891,14,10,15,22
1,1000,1000,-0.8343625800938207,-0.7059628302823872,-0.7245854313778609,-0.8381155387173458,14,10,15,22
1,1000,1000,-1.0654450642600226,-0.9568881679222768,-0.9943033250628482,-1.0731866529091367,14,10,15,22
1,1000,1000,-0.8656809486888355,-0.7460653110122767,-0.7301223520166782,-0.8709478253235439,14,10,15,22
1,1000,1000,-0.6059982822918674,-0.5051766831557647,-0.5433978503819121,-0.6065639233973216,14,10,15,22
1,1000,1000,-0.8862306161544239,-0.7764974909647845,-0.8456799198013809,-0.8947789338439698,14,10,15,22
1,1000,1000,-0.7960858948713135,-0.7189366469757928,-0.7088150090406894,-0.8025693602193128,14,10,15,22
1,1000,1000,-0.6781817955144311,-0.5779669949622576,-0.6019077473183347,-0.680383418718944,14,10,15,22
1,1000,1000,-0.45264598105562437,-0.36474144791585605,-0.40922252864853637,-0.45530510162692733,14,10,15,22
1,1000,1000,-1.08556182090346,-0.9560695019510163,-0.9599070464102042,-1.0955149538988267,14,10,15,22
1,1000,1000,-0.9454561072237516,-0.8573785659339938,-0.8872707234447094,-0.9525760960256421,14,10,15,22
1,1000,1000,-0.7505749029692889,-0.6399878200472549,-0.7171869709869566,-0.7577365310035903,14,10,15,22
1,1000,1000,-0.5062056021616022,-0.4274616559486963,-0.45246905820802796,-0.5130088386265765,14,10,15,22
1,1000,1000,-1.111629349551271,-0.9799901587666172,-1.0456618504223538,-1.1187721212730362,14,10,15,22
1,1000,1000,-0.754019651333731,-0.6821825063090896,-0.7147702623857795,-0.7647815218274914,14,10,15,22
1,1000,1000,-0.7820859715142596,-0.6658481946275001,-0.7204329446564798,-0.7899245428307086,14,10,15,22
1,1000,1000,-0.5347664970619876,-0.4420735186957813,-0.49853894252363035,-0.5410181426845679,14,10,15,22
1,1000,1000,-0.8074262235278971,-0.7052096105761885,-0.7532112243481766,-0.809939164140686,14,10,15,22
1,1000,1000,-1.1943595915754903,-1.0830673146176606,-1.099185222705103,-1.1996044959123464,14,10,15,22
1,1000,1000,-1.1252482864917592,-1.0247464569318245,-1.0400001982919553,-1.1272380573209244,14,10,15,22
1,1000,1000,-0.6087368388050531,-0.5105375550519434,-0.5546931285607275,-0.6127395126558149,14,10,15,22
1,1000,1000,-0.7826302259271888,-0.6842769052186263,-0.733227741512962,-0.7947675503039955,14,10,15,22
1,1000,1000,-0.7761434185838898,-0.6860301832261689,-0.7379452789889247,-0.7865530902398205,14,10,15,22
1,1000,1000,-0.6523649808229434,-0.5745101832571136,-0.6030691993871842,-0.6579565665452919,14,10,15,22
1,1000,1000,-0.9060551831375852,-0.8029487772909196,-0.8299663542774866,-0.9147587961864688,14,10,15,22
1,1000,1000,-0.9876939369381498,-0.9058599773883884,-0.8898552634929483,-0.995970760653915,14,10,15,22
1,1000,1000,-0.6725984730879658,-0.5863040959028895,-0.6196185088335505,-0.6771863841442887,14,10,15,22
1,1000,1000,-0.930314904158437,-0.8395894568466833,-0.8472083296868259,-0.9346978973175646,14,10,15,22
1,1000,1000,-0.6920541339353253,-0.6035322875979651,-0.637907578618327,-0.7008591306131657,14,10,15,22
1,1000,1000,-0.35314889459292864,-0.2676199355684112,-0.30365980880168536,-0.3572068712754208,14,10,15,22
1,1000,1000,-0.6236601777879378,-0.5518379266308093,-0.5721571519044469,-0.6284885337315127,14,10,15,22
1,1000,1000,-0.7517655301293417,-0.6369744111015607,-0.6973922919740876,-0.7546226025942242,14,10,15,22
1,1000,1000,-1.0236879924592068,-0.9152904613071587,-0.8406510701622738,-1.0323830604927198,14,10,15,22
1,1000,1000,-0.8581445220651612,-0.7668356424941294,-0.7990943391225432,-0.8648437570498336,14,10,15,22
1,1000,1000,-0.7886692492704951,-0.6861253252297939,-0.734369482479296,-0.7948574892291926,14,10,15,22
1,1000,1000,-1.176912929309186,-1.0573045392919111,-1.0789226256671292,-1.1785891995187303,14,10,15,22
1,1000,1000,-0.6034978886025683,-0.5226191475634405,-0.5386716910750038,-0.6086844458850755,14,10,15,22
1,1000,1000,-0.632786141005191,-0.5432978393986095,-0.5793017240696626,-0.6398072528146713,14,10,15,22
1,1000,1000,-0.8163581575903677,-0.680019209381233,-0.7375172867201532,-0.8224710298825503,14,10,15,22
1,1000,1000,-1.9559250019339989,-1.786179889073096,-1.6404295657530816,-1.959762291353526,14,10,15,22
1,1000,1000,-0.8158618916733948,-0.7256051458685437,-0.7547407596943012,-0.8173757485096931,14,10,15,22
1,1000,1000,-1.1853344975579485,-1.0914569179608276,-1.0889947504564097,-1.1875635266168043,14,10,15,22
1,1000,1000,-0.5110786926090377,-0.4489854624265954,-0.43232146469978716,-0.5183006749726319,14,10,15,22
1,1000,1000,-0.7683241884166219,-0.6700604094298797,-0.7114133010364572,-0.7710366147128288,14,10,15,22
1,1000,1000,-0.8587497231187121,-0.7452238061931376,-0.7736318486954165,-0.8615262877005694,14,10,15,22
1,1000,1000,-1.007673206209985,-0.8719455870939892,-0.9427212036793603,-1.0168477401000036,14,10,15,22
1,1000,1000,-0.8192058614309385,-0.7144228986915441,-0.7374866402692032,-0.8237295846007464,14,10,15,22
1,1000,1000,-0.7817143523953982,-0.6648220906333918,-0.7165402460044398,-0.7844718935354167,14,10,15,22
1,1000,1000,-0.7362785988359491,-0.628697754497739,-0.6764071510256872,-0.7469896186565557,14,10,15,22
1,1000,1000,-0.8731527356107427,-0.7386289109405607,-0.7981038341407366,-0.8808350993966537,14,10,15,22
1,1000,1000,-1.106104085248859,-0.9913453815178782,-0.994353602656759,-1.107939917666562,14,10,15,22
1,1000,1000,-0.9462625324130818,-0.8174490213075951,-0.8563404161287058,-0.9499451638593741,14,10,15,22
1,1000,1000,-0.43208679453642707,-0.3313000913474457,-0.3976540178280602,-0.43556320296645984,14,10,15,22
1,1000,1000,-1.326780289541682,-1.1807964783358498,-1.2581868832915157,-1.3361773944121278,14,10,15,22
1,1000,1000,-0.8565724113610595,-0.7385063966423764,-0.8194791799610444,-0.8698979256638067,14,10,15,22
1,1000,1000,-1.0972352182219283,-0.9838847253718863,-1.027862850029258,-1.1021273540106713,14,10,15,22
1,1000,1000,-0.715701967991295,-0.5706513087545317,-0.6979297384415831,-0.7285361215335224,14,10,15,22
1,1000,1000,-1.186340615952158,-1.0547453771869972,-0.9848498370237531,-1.196452372306253,14,10,15,22
1,2000,2000,-0.7131372234535575,-0.6241819238416138,-0.6597774902027368,-0.7165234147371562,14,10,15,22
1,2000,2000,-0.8393808048343321,-0.7266637389656666,-0.7689870665506164,-0.8435643532083832,14,10,15,22
1,2000,2000,-1.0402212097866463,-0.9199404038945358,-0.9873073663701507,-1.0507129867411655,14,10,15,22
1,2000,2000,-0.9818891048344404,-0.8807306080462586,-0.9190966040621652,-0.9834384011115435,14,10,15,22
1,2000,2000,-1.1143418592942416,-0.9816121389429154,-1.0436793246548264,-1.1169517732418373,14,10,15,22
1,2000,2000,-0.7431676603653523,-0.6236404894478651,-0.6904997966351575,-0.7506070011207812,14,10,15,22
1,2000,2000,-0.9252699071189422,-0.8236525653733107,-0.8721822398988675,-0.9365553094637434,14,10,15,22
1,2000,2000,-0.7996778088693245,-0.7137647219030123,-0.7243213324808553,-0.8020064986254916,14,10,15,22
1,2000,2000,-0.8467597328265369,-0.7483234319896187,-0.7828979669981236,-0.8573347874993037,14,10,15,22
1,2000,2000,-0.717120710373506,-0.6151089572649516,-0.6563527183362425,-0.7205264355128242,14,10,15,22
1,2000,2000,-0.7466269880011769,-0.6527150401440545,-0.6680425395774132,-0.750703033465169,14,10,15,22
1,2000,2000,-1.0021322340554626,-0.8895505145117731,-0.9366939565853108,-1.0083419539221223,14,10,15,22
1,2000,2000,-1.0271542148502912,-0.9055725593217913,-0.9343086092550229,-1.0309797554646942,14,10,15,22
1,2000,2000,-0.7427081074065754,-0.631847101022182,-0.6787312938127997,-0.7443544644167814,14,10,15,22
1,2000,2000,-0.9103234371946491,-0.7930078603570473,-0.7823883212985556,-0.9116455497330352,14,10,15,22
1,2000,2000,-0.727600159737187,-0.6230559073465716,-0.6475176463899206,-0.728883951139203,14,10,15,22
1,2000,2000,-0.7463664214203063,-0.6259568992896829,-0.7009505788866436,-0.7528148715120133,14,10,15,22
1,2000,2000,-0.9669011870180089,-0.8450948203409598,-0.8957125737978513,-0.9730069217785613,14,10,15,22
1,2000,2000,-0.7215255093422065,-0.6157809430640755,-0.6584500774232738,-0.7263624396318688,14,10,15,22
1,2000,2000,-1.124237943674441,-1.0077145027011902,-1.0269977682626208,-1.1263290285325838,14,10,15,22
1,2000,2000,-0.8178456503333532,-0.7192298461358733,-0.7513748883803691,-0.8237855433489608,14,10,15,22
1,2000,2000,-0.9421608866499023,-0.8336274478238015,-0.8631135753979333,-0.9463930396902328,14,10,15,22
1,2000,2000,-1.0621634686568604,-0.9447903495208306,-0.9653417684919855,-1.0664739227704654,14,10,15,22
1,2000,2000,-0.6671830101463311,-0.5480376513694837,-0.6147773113220351,-0.6725697746723759,14,10,15,22
1,2000,2000,-0.922718818361438,-0.7965718049424536,-0.8380922643396997,-0.9250171138755708,14,10,15,22
1,2000,2000,-0.9735133530050512,-0.8552135118563888,-0.9006734026679678,-0.9762563157631953,14,10,15,22
1,2000,2000,-1.2711085406263622,-1.1127582825020699,-1.0936715440093745,-1.2768498347084247,14,10,15,22
1,2000,2000,-0.9296834881536861,-0.8199037638369777,-0.8565357880461265,-0.93450156864484,14,10,15,22
1,2000,2000,-0.8318464666560994,-0.7085999037293214,-0.7699341953199068,-0.8352762565805452,14,10,15,22
1,2000,2000,-0.7582655368914861,-0.6581996958812383,-0.6855322569815125,-0.758967440264586,14,10,15,22
1,2000,2000,-0.9140707989169291,-0.8039057277641832,-0.8472946410271993,-0.9181294545861352,14,10,15,22
1,2000,2000,-0.7696308681197557,-0.6481032041276358,-0.6385386653107517,-0.7735386483134434,14,10,15,22
1,2000,2000,-0.6892159976044923,-0.5677257929944799,-0.6080096719354465,-0.692765443441429,14,10,15,22
1,2000,2000,-0.7255091133729665,-0.5994239115274709,-0.6867477088524688,-0.7316771314770404,14,10,15,22
1,2000,2000,-0.7438636753868068,-0.6552424843334392,-0.6750310987573921,-0.7495961469547319,14,10,15,22
1,2000,2000,-0.9741001549576362,-0.8209208258841749,-0.8788844356719401,-0.9789019136773377,14,10,15,22
1,2000,2000,-0.8025552430072812,-0.7120232890262977,-0.7433325228437629,-0.8046808978852504,14,10,15,22
1,2000,2000,-0.6413702560708239,-0.5504180631044073,-0.572109961737925,-0.6466122635848024,14,10,15,22
1,2000,2000,-0.6057958334542323,-0.5062847693897875,-0.5446190811452698,-0.6085349841903712,14,10,15,22
1,2000,2000,-0.7271483087813595,-0.6422500483431286,-0.6559693032691071,-0.7327470869019543,14,10,15,22
1,2000,2000,-0.6016205493817074,-0.49123566254774914,-0.5457665274203991,-0.6037433467623827,14,10,15,22
1,2000,2000,-0.8386155731078552,-0.7533322638099916,-0.7530795704882502,-0.8412336634170451,14,10,15,22
1,2000,2000,-0.7693041304815852,-0.6665158959812552,-0.6975870655055032,-0.7736739662450505,14,10,15,22
1,2000,2000,-0.8337379639859764,-0.7194263298538885,-0.7668468399579947,-0.8391542252107529,14,10,15,22
1,2000,2000,-0.6711604990279321,-0.5694359815655026,-0.607753308651615,-0.672933506567997,14,10,15,22
1,2000,2000,-0.999993432212475,-0.879056170071985,-0.9277033979548814,-1.0027147496777458,14,10,15,22
1,2000,2000,-0.9393240566575514,-0.8408964706893521,-0.8535129905145578,-0.9443833278826587,14,10,15,22
1,2000,2000,-0.7483780683137997,-0.6391323380247522,-0.6967728685899156,-0.7502184514935588,14,10,15,22
1,2000,2000,-0.8482923368210518,-0.7421585730979087,-0.7997864401414285,-0.8559326938716454,14,10,15,22
1,2000,2000,-1.035773690071257,-0.9013488165830522,-0.9445749121564855,-1.0402971815129007,14,10,15,22
1,2000,2000,-0.5959176801544822,-0.5173155543436887,-0.5327516073414772,-0.5979850043983325,14,10,15,22
1,2000,2000,-0.9375368726752344,-0.8358539796487648,-0.8564386403977651,-0.9427112818344594,14,10,15,22
1,2000,2000,-0.8775687806354708,-0.7633760119091244,-0.8117003882056634,-0.8802491067786109,14,10,15,22
1,2000,2000,-0.793089805901439,-0.6747109190685101,-0.6705655682150486,-0.8031451272717837,14,10,15,22
1,2000,2000,-1.174516716971251,-1.0601328135097752,-1.0788455245883815,-1.1813432606718535,14,10,15,22
1,2000,2000,-0.9376293582612197,-0.8122923142543391,-0.8116957102570441,-0.9411219679575888,14,10,15,22
1,2000,2000,-0.7726946866476915,-0.6293146112546337,-0.6559854522369114,-0.7781801109337466,14,10,15,22
1,2000,2000,-1.145905795718036,-1.0103452434491382,-1.038929154761462,-1.148780099392091,14,10,15,22
1,2000,2000,-0.8146458126560984,-0.7011128265680541,-0.754252134525525,-0.8182832957141427,14,10,15,22
1,2000,2000,-0.7307646445506898,-0.6445122538656451,-0.6632572594818426,-0.7349762634743279,14,10,15,22
1,2000,2000,-0.9037573589453641,-0.8011288193976861,-0.8327310888279376,-0.9075888772361386,14,10,15,22
1,2000,2000,-0.9392440269990703,-0.8263736012648415,-0.8559391625901708,-0.9435017389489212,14,10,15,22
1,2000,2000,-0.9331885390968232,-0.8304759244189464,-0.843263971961897,-0.9356523320751384,14,10,15,22
1,2000,2000,-0.7267709298986088,-0.6131381261044275,-0.6788924140092208,-0.7291671098765109,14,10,15,22
1,2000,2000,-0.8696307727000003,-0.7741367601955785,-0.7907270160603584,-0.877258279577909,14,10,15,22
1,2000,2000,-0.9328967208382296,-0.8134832692898922,-0.8608096745565794,-0.9377478341021896,14,10,15,22
1,2000,2000,-0.9523512648739543,-0.8455397168562858,-0.8501823724319142,-0.9561938811776126,14,10,15,22
1,2000,2000,-0.7303220719505411,-0.623729735906094,-0.6451550496769851,-0.7330871271857582,14,10,15,22
1,2000,2000,-1.165459702318904,-1.0044638784767008,-1.0322100418906413,-1.1715780406397498,14,10,15,22
1,2000,2000,-0.744911031398929,-0.6220635889045147,-0.6855094925901908,-0.7519421048680037,14,10,15,22
1,2000,2000,-0.8092666218549943,-0.6975580959104382,-0.719739106758073,-0.8148132147186461,14,10,15,22
1,2000,2000,-0.896982772314253,-0.8210435110963444,-0.8206701010526167,-0.9022159533244339,14,10,15,22
1,2000,2000,-1.2288708196673925,-1.0920471441917021,-1.125773469903353,-1.234063644567118,14,10,15,22
1,2000,2000,-0.7804527679615094,-0.667598350126395,-0.7256361982547551,-0.7847845710001621,14,10,15,22
1,2000,2000,-0.8774055649528687,-0.7532763608329788,-0.7988405544027483,-0.882809593130798,14,10,15,22
1,2000,2000,-0.8470897924690949,-0.7385549609219851,-0.7840764439620034,-0.8492812480458588,14,10,15,22
1,2000,2000,-0.6730380634911544,-0.5789625884696498,-0.5862810996943062,-0.6812745383044521,14,10,15,22
1,2000,2000,-0.8639016648588494,-0.7570788823779876,-0.7783860270526503,-0.8700615010209504,14,10,15,22
1,2000,2000,-0.778486006953331,-0.6844285586103052,-0.7211447003691092,-0.7811918749912011,14,10,15,22
1,2000,2000,-1.1178612158455203,-0.9938528967334882,-0.987742045235369,-1.1266816967214255,14,10,15,22
1,2000,2000,-0.7341653521075386,-0.619664422869966,-0.6824815055485469,-0.7399020095529454,14,10,15,22
1,2000,2000,-1.046919798665978,-0.9337547096088074,-0.9555736771371975,-1.0481847927434802,14,10,15,22
1,2000,2000,-0.7900530544129584,-0.7047661551619585,-0.71999306085421,-0.7958252192721311,14,10,15,22
1,2000,2000,-1.1510367274050217,-1.0282553772517575,-1.05000499700503,-1.1563957251756574,14,10,15,22
1,2000,2000,-0.9513567286057915,-0.8203721213633925,-0.8906878988589033,-0.9541556820396309,14,10,15,22
1,2000,2000,-0.9942251841255174,-0.8729178992145549,-0.9011253664180876,-1.0014818325402322,14,10,15,22
1,2000,2000,-0.557109520131089,-0.4681756937610535,-0.49930961661364065,-0.5651106096909607,14,10,15,22
1,2000,2000,-0.795047503967593,-0.7033456958874312,-0.7191182003516774,-0.8000174809326559,14,10,15,22
1,2000,2000,-1.1767772935557668,-1.0586910489771013,-1.0357890424003127,-1.1801631879339958,14,10,15,22
1,2000,2000,-1.082765508975047,-0.9570040770576247,-1.0054716239753207,-1.0975773050623607,14,10,15,22
1,2000,2000,-1.0246335257140387,-0.9079798878656884,-0.9122076978057985,-1.0276715413333468,14,10,15,22
1,2000,2000,-0.9366957511955744,-0.8343370242370234,-0.8443962781206501,-0.9429941532992093,14,10,15,22
1,2000,2000,-1.17235404477676,-1.062065459319917,-1.0936362221274138,-1.178189212417807,14,10,15,22
1,2000,2000,-0.9394685660704936,-0.8490974648933943,-0.8659859087232853,-0.9503371076397079,14,10,15,22
1,2000,2000,-1.0125086391065405,-0.892333809788604,-0.955564055679973,-1.018939315668716,14,10,15,22
1,2000,2000,-0.8789476929781321,-0.7616462160145565,-0.8028614947454443,-0.8829619698455635,14,10,15,22
1,2000,2000,-0.8520972824283944,-0.7161820765519132,-0.8035692606537241,-0.8589703134928208,14,10,15,22
1,2000,2000,-1.2997229818348937,-1.1695496254877402,-1.2118192043355993,-1.301555786303231,14,10,15,22
1,2000,2000,-0.7876985671403063,-0.6945895648685086,-0.7225894367907081,-0.7925218975070475,14,10,15,22
1,2000,2000,-0.9775328849443313,-0.8641022472993863,-0.8704914564500882,-0.9836605717087368,14,10,15,22
1,4000,4000,-0.9864709452689708,-0.8810048742076019,-0.9130764309395395,-0.9878150855851554,15,11,16,24
1,4000,4000,-1.162444876563884,-1.0320772395781155,-1.093439861486234,-1.1650693566410086,15,11,16,24
1,4000,4000,-0.8841305107240051,-0.7691763750837818,-0.8192602526770493,-0.886003411590943,15,11,16,24
1,4000,4000,-0.754869455102109,-0.6726370971177152,-0.6905839133322579,-0.7577338135439341,15,11,16,24
1,4000,4000,-0.9246238602939884,-0.8080612098433471,-0.8519921951706274,-0.9269834851682254,15,11,16,24
1,4000,4000,-0.7728370258058167,-0.6589951282896322,-0.7075287961422874,-0.7757392349896363,15,11,16,24
1,4000,4000,-0.7189648042690419,-0.6149452726592198,-0.6706793372273592,-0.7235444649623296,15,11,16,24
1,4000,4000,-0.9516781307373212,-0.8378869574040596,-0.8655604921188597,-0.9532599025332466,15,11,16,24
1,4000,4000,-0.8805418504254681,-0.7749810081233295,-0.7979495305699366,-0.8834379187406607,15,11,16,24
1,4000,4000,-0.7490903226518558,-0.6422214418295111,-0.6843144036370713,-0.7522053355714661,15,11,16,24
1,4000,4000,-0.9624560821026853,-0.8405915883666603,-0.8786959704818968,-0.9657097503866994,15,11,16,24
1,4000,4000,-0.840595656136084,-0.7211020208847357,-0.7659322737191105,-0.8429312341128866,15,11,16,24
1,4000,4000,-1.0026413384437924,-0.8878801375519629,-0.9323938758637578,-1.0061695609054995,15,11,16,24
1,4000,4000,-1.0389697206049828,-0.9258926743531233,-0.9624433332186341,-1.041879029179957,15,11,16,24
1,4000,4000,-0.6860543606323295,-0.5764726684635447,-0.621570192285772,-0.6889231499406138,15,11,16,24
1,4000,4000,-0.9229781160282445,-0.8033048272305,-0.8479199480830121,-0.9255097489508416,15,11,16,24
1,4000,4000,-0.8157512341666489,-0.7170688291836381,-0.7562403347006816,-0.8191328438931059,15,11,16,24
1,4000,4000,-0.819925608896885,-0.7073083971628298,-0.7517674550258471,-0.8230544596272235,15,11,16,24
1,4000,4000,-0.7671312575756701,-0.6598761411989772,-0.7084981436683092,-0.774947292018458,15,11,16,24
1,4000,4000,-0.891565579449284,-0.7792975392455541,-0.8214332638786804,-0.8966456240356706,15,11,16,24
1,4000,4000,-0.8969114085941119,-0.7642960178868502,-0.8274884443535848,-0.8992002848278061,15,11,16,24
1,4000,4000,-0.7993283524681452,-0.701638370954689,-0.7283338625712313,-0.8033624619689735,15,11,16,24
1,4000,4000,-0.6569169302885726,-0.5443181277688895,-0.6013504011289464,-0.6578302884876485,15,11,16,24
1,4000,4000,-1.0790933530366689,-0.9516908210099059,-0.9296093111041795,-1.0830708718314463,15,11,16,24
1,4000,4000,-1.0618307590567866,-0.9578278573047856,-0.9818580469558811,-1.0639293910267957,15,11,16,24
1,4000,4000,-0.8338336658060098,-0.7190014454235321,-0.7543890737512161,-0.8379591109565235,15,11,16,24
1,4000,4000,-0.7888872307177508,-0.6919220182265808,-0.7294324861146847,-0.79201135372928,15,11,16,24
1,4000,4000,-0.91050760661503,-0.7841179806264104,-0.8113326583226199,-0.9129453590218299,15,11,16,24
1,4000,4000,-1.007933546216102,-0.8964226579208171,-0.9265660365172298,-1.0106353546799427,15,11,16,24
1,4000,4000,-0.8013108432490226,-0.6829230348324054,-0.7463782080165424,-0.8033029385362674,15,11,16,24
1,4000,4000,-0.9989616918504598,-0.8895772199227995,-0.9198287012070782,-1.0039832784246774,15,11,16,24
1,4000,4000,-1.0003928121736108,-0.8697002816619251,-0.9145918603879313,-1.0058280414452783,15,11,16,24
1,4000,4000,-0.9646593849295914,-0.8257302236488776,-0.8359395405422738,-0.966839105958246,15,11,16,24
1,4000,4000,-0.7415132904856137,-0.6284008942388446,-0.6663266743066447,-0.746362009623057,15,11,16,24
1,4000,4000,-0.7072522865966566,-0.6086727564540465,-0.6582870122929735,-0.7112305355958161,15,11,16,24
1,4000,4000,-0.7456588194605243,-0.632266802245555,-0.7039397322502478,-0.7545091262669894,15,11,16,24
1,4000,4000,-0.842969839086209,-0.736424330231152,-0.7783588846213124,-0.8441291730873822,15,11,16,24
1,4000,4000,-0.8736982804339527,-0.7581823382650864,-0.8048469734734208,-0.8778405958135636,15,11,16,24
1,4000,4000,-0.7643581716763956,-0.6473861691712682,-0.6832013197591073,-0.7679814890876032,15,11,16,24
1,4000,4000,-0.7552738358940997,-0.6435024338067351,-0.6569684559946154,-0.7582147996556814,15,11,16,24
1,4000,4000,-1.0207421223826996,-0.9017868396536988,-0.9333400726568212,-1.026038612222074,15,11,16,24
1,4000,4000,-0.7914621469808198,-0.6847014890864661,-0.7374080830778448,-0.7943645031060323,15,11,16,24
1,4000,4000,-0.7835290642493588,-0.6806413551455698,-0.7119510762608556,-0.7866114594958477,15,11,16,24
1,4000,4000,-0.786350384714377,-0.6773121129239389,-0.7114566417284587,-0.788111184216868,15,11,16,24
1,4000,4000,-0.8267994994742257,-0.7083876147517021,-0.7321675333391722,-0.8302945657615897,15,11,16,24
1,4000,4000,-0.9085268364089562,-0.7848674148023465,-0.8327146413759114,-0.9131019310081155,15,11,16,24
1,4000,4000,-1.1235125941234314,-1.0097706015413541,-1.0337424222265468,-1.1278978552240855,15,11,16,24
1,4000,4000,-0.8624953172866094,-0.7645766079254436,-0.7962656199361895,-0.8717480045408093,15,11,16,24
1,4000,4000,-0.9307025065489297,-0.811061052968726,-0.8578196162505237,-0.9339818761839052,15,11,16,24
1,4000,4000,-0.7118884514336651,-0.5941106669829033,-0.6478790154599132,-0.7159541427251461,15,11,16,24
1,4000,4000,-0.8463457206065118,-0.7276337079592995,-0.7860712836410544,-0.8485988162406484,15,11,16,24
1,4000,4000,-0.7351259614877785,-0.6336572414066223,-0.6786076690900854,-0.7386054089370527,15,11,16,24
1,4000,4000,-0.9306588252689489,-0.8284248895461542,-0.8477140124464276,-0.9339048988053564,15,11,16,24
1,4000,4000,-0.8922063528807339,-0.7784607790438421,-0.7959033484829824,-0.8955364615675121,15,11,16,24
1,4000,4000,-0.942551467410236,-0.8293858311603458,-0.8686765200694513,-0.9479167538049996,15,11,16,24
1,4000,4000,-1.0593916809491257,-0.9394432542573377,-0.9755931948260249,-1.061113047280241,15,11,16,24
1,4000,4000,-0.8243776270868757,-0.6941934920350027,-0.686179953593522,-0.8285416635658639,15,11,16,24
1,4000,4000,-0.6400799536188588,-0.5474995340217742,-0.5852023801475734,-0.6414587289993355,15,11,16,24
1,4000,4000,-0.8138533051834234,-0.7072111999097046,-0.7462581060913304,-0.8190844017871245,15,11,16,24
1,4000,4000,-0.6292443065048583,-0.5281838289460175,-0.5809302971320512,-0.6313725899708106,15,11,16,24
1,4000,4000,-0.9398119937164402,-0.8131999823048199,-0.8616802145768847,-0.9432725311108766,15,11,16,24
1,4000,4000,-0.8383598785203553,-0.6955764302453972,-0.7616034729607154,-0.8398047531260413,15,11,16,24
1,4000,4000,-0.9135223798058,-0.8199570394715224,-0.8304832726863551,-0.9192744554676897,15,11,16,24
1,4000,4000,-0.6951502802992613,-0.593088259707727,-0.6415278139875008,-0.6971972890396405,15,11,16,24
1,4000,4000,-0.8920599118746126,-0.7575797724528411,-0.7574945654216458,-0.8945248218014976,15,11,16,24
1,4000,4000,-0.7469540219330801,-0.6514585043521465,-0.68300950392092,-0.7529403315850687,15,11,16,24
1,4000,4000,-0.9335329303905969,-0.8320974538172377,-0.8548331116146068,-0.9353878092774266,15,11,16,24
1,4000,4000,-0.7425693140994717,-0.6255637555647786,-0.6732367830927732,-0.7468796580397821,15,11,16,24
1,4000,4000,-0.9456552393839366,-0.8294960808850815,-0.856877429824805,-0.9489708960274279,15,11,16,24
1,4000,4000,-0.8313501743194447,-0.7353701083911083,-0.7593039728300846,-0.8340187051283696,15,11,16,24
1,4000,4000,-1.2439631309304804,-1.1200924696440988,-1.148079825481519,-1.2468209139839719,15,11,16,24
1,4000,4000,-0.8743557924068587,-0.7726960572784087,-0.8023913027920548,-0.8753705642972796,15,11,16,24
1,4000,4000,-0.9274753814283732,-0.8104327892295896,-0.8497384985005842,-0.9311688991682968,15,11,16,24
1,4000,4000,-0.864643979915978,-0.7504675303968825,-0.7937010852197873,-0.8670168033851414,15,11,16,24
1,4000,4000,-0.8605109037561278,-0.7505676640932493,-0.778007845941801,-0.8658811412649875,15,11,16,24
1,4000,4000,-0.787996866252362,-0.6762588809017279,-0.727882096112994,-0.7941349808081177,15,11,16,24
1,4000,4000,-1.0733348197552122,-0.9335428516089396,-0.90992374711001,-1.075560820354301,15,11,16,24
1,4000,4000,-1.065017016104754,-0.9636679871817769,-0.9870593618112712,-1.0714663835245128,15,11,16,24
1,4000,4000,-0.9132802997812469,-0.7798867372478657,-0.8238849835727587,-0.9188880898239622,15,11,16,24
1,4000,4000,-0.9762285456601444,-0.8733928937227624,-0.900450490806722,-0.9801956082270599,15,11,16,24
1,4000,4000,-0.9732593180831882,-0.8474914600080019,-0.8879188446945786,-0.976181461003659,15,11,16,24
1,4000,4000,-0.8137142965759399,-0.7028930841464467,-0.7546285032781511,-0.8158028460644182,15,11,16,24
1,4000,4000,-1.0787331456110405,-0.9489720640839842,-1.0055141163258081,-1.0831290501526842,15,11,16,24
1,4000,4000,-0.8622415383815765,-0.7429645145362169,-0.7586968972101145,-0.8656124138568498,15,11,16,24
1,4000,4000,-0.736227010806183,-0.6329390056995898,-0.6726311862585922,-0.7400576328289726,15,11,16,24
1,4000,4000,-0.9017565178196255,-0.79064671737761,-0.8107595277489017,-0.9051336440193182,15,11,16,24
1,4000,4000,-0.7032804323772516,-0.5898757073717498,-0.6473129213263141,-0.704763064304575,15,11,16,24
1,4000,4000,-1.048259222963685,-0.9479628509508702,-0.979335771396677,-1.0525890618426093,15,11,16,24
1,4000,4000,-0.7930624807933595,-0.6906089378954189,-0.7190989924745181,-0.7969676188404583,15,11,16,24
1,4000,4000,-0.8225645110221267,-0.6941820941910615,-0.7435035206725761,-0.8260837784484651,15,11,16,24
1,4000,4000,-0.8737027855552615,-0.7745656651063073,-0.8047311434462767,-0.8785809022283988,15,11,16,24
1,4000,4000,-0.8067505459827935,-0.7016956697091777,-0.7443125555820789,-0.8108431772053581,15,11,16,24
1,4000,4000,-0.9034049754407242,-0.7720392388197798,-0.8224182289069486,-0.9065561781696851,15,11,16,24
1,4000,4000,-0.9028034051291748,-0.7977043082492182,-0.8199272346486391,-0.9045343864575143,15,11,16,24
1,4000,4000,-0.9582851920473099,-0.8321136388326841,-0.8704921964857085,-0.9613802951404892,15,11,16,24
1,4000,4000,-0.6759783362490999,-0.5596264748794328,-0.6243737295427686,-0.6788104520837751,15,11,16,24
1,4000,4000,-0.9709196040513288,-0.8520838635147953,-0.8853614801911117,-0.9730956551683863,15,11,16,24
1,4000,4000,-0.9090572656726572,-0.7933855204986857,-0.8043000604598478,-0.9125551705964917,15,11,16,24
1,4000,4000,-0.7993619874083769,-0.6748239792662225,-0.7033254991891904,-0.8052118355145885,15,11,16,24
1,4000,4000,-0.8675294118534721,-0.739425910300406,-0.7981135248525002,-0.8689775770514139,15,11,16,24
2,1000,1000,1.5308346491454237,1.4732390202417835,1.471247043864989,1.4688649612371987,14,10,15,22
2,1000,1000,1.5249123985252455,1.475773867735628,1.467925629406079,1.4669049978408377,14,10,15,22
2,1000,1000,1.5103563906819928,1.4424010568508854,1.4411759741097117,1.4373822811096262,14,10,15,22
2,1000,1000,1.522716011322922,1.4533323315197373,1.451888940876483,1.4483423175929597,14,10,15,22
2,1000,1000,1.4885584653194597,1.4157025145224793,1.4217602405126943,1.412681886223481,14,10,15,22
2,1000,1000,1.5995809316306708,1.543955593836255,1.5415048105799347,1.5385092424505853,14,10,15,22
2,1000,1000,1.4637631422224893,1.4137901473691026,1.4053497098511245,1.40336123434842,14,10,15,22
2,1000,1000,1.6339970228130003,1.5680671695766706,1.5703239942768907,1.5648658335254442,13,9,14,20
2,1000,1000,1.5635931599094206,1.496797174327427,1.494996382306823,1.4908873433806016,14,10,15,22
2,1000,1000,1.5571814494048595,1.5027662702623714,1.5002948687961957,1.49741754050482,14,10,15,22
2,1000,1000,1.5102736604895957,1.4494305605678397,1.444363092489394,1.4399156955623804,14,10,15,22
2,1000,1000,1.5527468148451744,1.506174296420425,1.502474779399983,1.5010471053259138,14,10,15,22
2,1000,1000,1.5386277478770198,1.4816719841338726,1.4784368931310117,1.4743387197071283,14,10,15,22
2,1000,1000,1.5863246619728328,1.5254681458059374,1.5250629635012631,1.5205466552986773,14,10,15,22
2,1000,1000,1.5343011069852501,1.4823316142234748,1.4762825977795047,1.475412635228687,14,10,15,22
2,1000,1000,1.5615615270591894,1.512279392507909,1.5084970906261828,1.5058528712240369,14,10,15,22
2,1000,1000,1.5626356116675901,1.5039601578572543,1.5035295319632587,1.4979625270069372,14,10,15,22
2,1000,1000,1.557326442383318,1.4789907934226338,1.4845076627658271,1.4735431226533264,13,9,14,20
2,1000,1000,1.5183347332921988,1.4351664959889376,1.4377851339742547,1.430625251276052,14,10,15,22
2,1000,1000,1.5226458543861183,1.465425309486152,1.4606668921057182,1.4591461612837018,14,10,15,22
2,1000,1000,1.48067125655775,1.4312465057743236,1.4295846117967825,1.4257512854790004,14,10,15,22
2,1000,1000,1.5234583449015675,1.4554668998135476,1.4558977675711215,1.452960095977851,14,10,15,22
2,1000,1000,1.4377445322219724,1.394014058380025,1.386199750120356,1.3854283392284006,14,10,15,22
2,1000,1000,1.4247670295637005,1.3732827820426892,1.3673935959974575,1.3659691209581488,14,10,15,22
2,1000,1000,1.5784238481056285,1.5036139365204442,1.5044405942959924,1.496130266522067,14,10,15,22
2,1000,1000,1.5251987476466229,1.457437678590535,1.4598841448075253,1.4532417488313238,14,10,15,22
2,1000,1000,1.517121299796006,1.4616111408295578,1.458574412473805,1.4566485199029853,14,10,15,22
2,1000,1000,1.451637458477042,1.4060648920741576,1.4037550048343332,1.4019288080424541,14,10,15,22
2,1000,1000,1.4365881768579443,1.3622088655921476,1.3586567993677245,1.3574010580090277,14,10,15,22
2,1000,1000,1.4881240470061268,1.4309949736366712,1.4246666906171053,1.4221752773587568,14,10,15,22
2,1000,1000,1.6135940380094735,1.5356999050607063,1.5378046992687637,1.5319342328395091,14,10,15,22
2,1000,1000,1.4197975161735148,1.383639210638571,1.3756164305833771,1.3733723684511325,14,10,15,22
2,1000,1000,1.604404242744272,1.530350906966235,1.5323413530564376,1.5286545212105287,14,10,15,22
2,1000,1000,1.5470714284853666,1.4842316332785168,1.4793795254529378,1.477298561193731,14,10,15,22
2,1000,1000,1.4918776957819,1.4316690560923995,1.4315516463273432,1.427597949267029,14,10,15,22
2,1000,1000,1.5210372509161152,1.4848408618116595,1.4777879946753074,1.4772679775663156,14,10,15,22
2,1000,1000,1.4538943456910487,1.3949344362731457,1.3897165422700344,1.3884476101893355,14,10,15,22
2,1000,1000,1.4389173118578145,1.3918904661518665,1.3883342856394052,1.3855298007809045,14,10,15,22
2,1000,1000,1.5840675331892402,1.5150565917404455,1.5124825983903945,1.5070935696309846,14,10,15,22
2,1000,1000,1.5189312721878379,1.4484414562969756,1.4487732327466678,1.4449024941251751,14,10,15,22
2,1000,1000,1.5186020153118744,1.473953618239499,1.4662017000899166,1.470504079965361,14,10,15,22
2,1000,1000,1.4614907747994834,1.4091357764591086,1.402309659406308,1.3999125209975782,14,10,15,22
2,1000,1000,1.5734424896782497,1.4864271891096759,1.4864108290618474,1.4813809582696427,14,10,15,22
2,1000,1000,1.5168122438572045,1.4605110409364108,1.4592717486153766,1.4551457766957645,14,10,15,22
2,1000,1000,1.5612115502538313,1.494461960803973,1.4870148680069424,1.4843534291845482,14,10,15,22
2,1000,1000,1.4801111787004584,1.4174782334801326,1.4135201456615212,1.4109968571552653,14,10,15,22
2,1000,1000,1.5085518079523832,1.454587773154243,1.4503480651230138,1.4457570003445679,14,10,15,22
2,1000,1000,1.5856081699510327,1.5270224557402452,1.5263313774633267,1.5241829191694092,14,10,15,22
2,1000,1000,1.5838591323315743,1.4967331925369132,1.5008146827312345,1.4944380246768851,14,10,15,22
2,1000,1000,1.4174938340445706,1.3561561393308093,1.3527372367358734,1.3510968119874083,14,10,15,22
2,1000,1000,1.5301847709056084,1.4692573921890377,1.4641287380420516,1.4616285256813442,14,10,15,22
2,1000,1000,1.482932053631417,1.4352075328674128,1.4318121709411815,1.4313458338685456,14,10,15,22
2,1000,1000,1.5900153016201632,1.5450988586443861,1.5435585134228262,1.5406214448969981,14,10,15,22
2,1000,1000,1.6225018938631075,1.5480263059836408,1.552786310200257,1.5444191577370703,14,10,15,22
2,1000,1000,1.5956460457658825,1.5137301055722463,1.515126249076571,1.5077196794150085,14,10,15,22
2,1000,1000,1.5475589650428374,1.495714071115454,1.489696117316527,1.489057652773689,14,10,15,22
2,1000,1000,1.5468496134156602,1.5018678785952386,1.5015226614588677,1.495799405007653,14,10,15,22
2,1000,1000,1.506557836819703,1.4487621295373283,1.4461404220758491,1.4441118486404685,14,10,15,22
2,1000,1000,1.4141839717823534,1.3793156526781487,1.3733279389826625,1.3727249404007151,14,10,15,22
2,1000,1000,1.6156110245124906,1.5517978030997437,1.5525193497000929,1.5462969546883092,14,10,15,22
2,1000,1000,1.6048775093832977,1.5376476354996091,1.5362809176104693,1.5326125211995283,14,10,15,22
2,1000,1000,1.6228721005362088,1.5619301609504264,1.5645046474491242,1.5566008861597056,14,10,15,22
2,1000,1000,1.5938380393932674,1.5452917648682574,1.5424836278185035,1.5413873147904482,14,10,15,22
2,1000,1000,1.5103336494429578,1.463748624820669,1.4584309313267771,1.4554021870486582,14,10,15,22
2,1000,1000,1.541533595197637,1.5034234860012086,1.5035545480317614,1.4989369974909774,14,10,15,22
2,1000,1000,1.5218212940394815,1.4497886819764145,1.443668452504909,1.440588859177849,14,10,15,22
2,1000,1000,1.518967639692552,1.4527472621750444,1.4564631763386355,1.449599151975587,14,10,15,22
2,1000,1000,1.5378379691138464,1.4926589482235681,1.4873765456385706,1.4872259549484377,14,10,15,22
2,1000,1000,1.507031847818561,1.4535682119323838,1.451658894327502,1.449698433364951,14,10,15,22
2,1000,1000,1.47934685889907,1.4128659642128725,1.4136669266918946,1.4046793220234954,14,10,15,22
2,1000,1000,1.557754794824218,1.4997056938790352,1.5048434254630123,1.4948543409054738,14,10,15,22
2,1000,1000,1.6453318793288505,1.5797701681808398,1.5810430574493908,1.5747071106369335,14,10,15,22
2,1000,1000,1.4929341200682187,1.446769314581116,1.4435536062969012,1.4402033850583162,14,10,15,22
2,1000,1000,1.481121959883766,1.4188034760801553,1.4173320012208006,1.411342531409375,14,10,15,22
2,1000,1000,1.4948494638580543,1.435906571064426,1.4361267261869768,1.4307562377073395,14,10,15,22
2,1000,1000,1.5535894512087476,1.4980056530347072,1.4972950995461265,1.4936726105133844,14,10,15,22
2,1000,1000,1.509202458406837,1.4660234400230154,1.461232151468535,1.460436422075867,14,10,15,22
2,1000,1000,1.583013222614515,1.5271186070678509,1.5225822981236663,1.5202780800415416,14,10,15,22
2,1000,1000,1.4792836142741939,1.4261891319244304,1.4228860014255875,1.4212454639725283,14,10,15,22
2,1000,1000,1.4889732090074708,1.4414059406666835,1.4371702272420255,1.4352418297510643,14,10,15,22
2,1000,1000,1.5328178521899665,1.4723750582202195,1.4707625862924794,1.4625661112121753,14,10,15,22
2,1000,1000,1.5198364391528938,1.475520172530375,1.4693436616961189,1.468667793829531,14,10,15,22
2,1000,1000,1.559936755305599,1.4745261677159431,1.4747592847296844,1.4697810148793562,14,10,15,22
2,1000,1000,1.4463440236950387,1.4041035282147627,1.3976875657894763,1.3974763584729895,14,10,15,22
2,1000,1000,1.5166187086012828,1.4502305635589519,1.446896133242657,1.4446563350138384,14,10,15,22
2,1000,1000,1.4647598472267302,1.4302657456284056,1.4263583945851952,1.4242614950828603,14,10,15,22
2,1000,1000,1.5972359248461985,1.5239550287113928,1.5234232762480628,1.5194462477652861,14,10,15,22
2,1000,1000,1.4597784076007139,1.4004083912521843,1.3969019889107313,1.394541168582009,14,10,15,22
2,1000,1000,1.5141490195400766,1.4473057266376317,1.4431882923516541,1.4429063526709238,14,10,15,22
2,1000,1000,1.4901687013755458,1.416273774894638,1.4191706485953268,1.4122131111311609,14,10,15,22
2,1000,1000,1.574479584595758,1.5201472981078352,1.5149362186920403,1.5135885902926962,14,10,15,22
2,1000,1000,1.5861659449712724,1.5234610892651292,1.5201600956021346,1.5182590258428692,14,10,15,22
2,1000,1000,1.494524671832693,1.4481024985332716,1.4413089062863325,1.438525879251693,14,10,15,22
2,1000,1000,1.5671487934496426,1.4783526551735622,1.477384254207961,1.4692022048054556,14,10,15,22
2,1000,1000,1.43623916089578,1.3632291624990192,1.3658167887847943,1.3596433336247409,14,10,15,22
2,1000,1000,1.6259289252094922,1.5486579099919269,1.5509875684986043,1.544632600896993,14,10,15,22
2,1000,1000,1.5249616870671465,1.4639593680101772,1.4626220798101341,1.4570470067155217,14,10,15,22
2,1000,1000,1.4872750161579866,1.4478525067984143,1.441931943927173,1.4415134405406724,14,10,15,22
2,1000,1000,1.5542517868657126,1.5073460097826656,1.5021825233876187,1.501029540569811,14,10,15,22
2,1000,1000,1.481237277982697,1.4234933002135362,1.4206857841878966,1.4200043746238589,14,10,15,22
2,4000,4000,1.498895842612052,1.441609725161648,1.4431835257886496,1.4409635089619879,15,11,16,24
2,4000,4000,1.5048382284664494,1.4386734612652285,1.440007229721639,1.4372644080629118,15,11,16,24
2,4000,4000,1.51909741408007,1.450010879160508,1.4516334813778107,1.4485063180369406,15,11,16,24
2,4000,4000,1.5166182812373865,1.453867559413873,1.4534447105874153,1.4519319374079365,15,11,16,24
2,4000,4000,1.5043007181379828,1.4453218513455293,1.4447298539119875,1.4432782233652748,15,11,16,24
2,4000,4000,1.50669095139526,1.446930051354476,1.4467237660416372,1.4456105585588175,15,11,16,24
2,4000,4000,1.5476682816111078,1.50268511129618,1.5012954574918909,1.5002883118183687,15,11,16,24
2,4000,4000,1.516017145668605,1.4672938403452607,1.465276248850656,1.4644664807221102,15,11,16,24
2,4000,4000,1.5272537470094083,1.4641046095933288,1.4648155575061224,1.4622773527204629,15,11,16,24
2,4000,4000,1.4878211545679807,1.4305558052461533,1.4292783861483214,1.428261710618944,15,11,16,24
2,4000,4000,1.52714462778814,1.4715687671056477,1.4714413822377426,1.4688719689843688,15,11,16,24
2,4000,4000,1.4890834356384122,1.4366133878069978,1.4352218501189942,1.434171820154076,15,11,16,24
2,4000,4000,1.531111354690903,1.4690353812985106,1.4700752755441153,1.4673188277904141,15,11,16,24
2,4000,4000,1.5135399913299012,1.457210162383943,1.4573183265600282,1.455904199529294,15,11,16,24
2,4000,4000,1.548891795420976,1.4807103202279528,1.4843078784122627,1.479874832753755,15,11,16,24
2,4000,4000,1.589536054247738,1.5270350142558506,1.5301871863156709,1.5256892134364268,15,11,16,24
2,4000,4000,1.5330963751102387,1.4799036436950714,1.4776680261167732,1.4764068805597708,15,11,16,24
2,4000,4000,1.5688520081015709,1.507291362446722,1.50824720319411,1.5064324062522816,15,11,16,24
2,4000,4000,1.5337118201674154,1.4668717203751545,1.4706067271936523,1.4654819153195617,15,11,16,24
2,4000,4000,1.5256141127468739,1.4615758922980315,1.4610641220685792,1.4591564359258022,15,11,16,24
2,4000,4000,1.5057380860011895,1.4532127608974812,1.4539996404997844,1.4521748149387144,15,11,16,24
2,4000,4000,1.5238005471648666,1.4658021735533282,1.4654688402203129,1.4629776894203328,15,11,16,24
2,4000,4000,1.5875902605723786,1.5306921635338262,1.5322104087242576,1.5288286913828417,15,11,16,24
2,4000,4000,1.5132863801576726,1.4537164011762178,1.453666935434556,1.4513166124563848,15,11,16,24
2,4000,4000,1.5115361590744392,1.4516328089453003,1.456370958824279,1.4488254718627367,15,11,16,24
2,4000,4000,1.4916810425175822,1.4206178218277334,1.4214122029105274,1.4176969937240995,15,11,16,24
2,4000,4000,1.5015522807292463,1.4472701182513183,1.4461383515498096,1.4448194186316154,15,11,16,24
2,4000,4000,1.542787674771786,1.4844243988492785,1.4846657597738417,1.4816570749175892,15,11,16,24
2,4000,4000,1.5164803558106401,1.4587203405949292,1.460123818750783,1.4575347208645157,15,11,16,24
2,4000,4000,1.5157789504934305,1.4576957129217711,1.4545185401380667,1.4538651434482774,15,11,16,24
2,4000,4000,1.5424403935518416,1.480708347567337,1.4796045623965723,1.4780163379928544,15,11,16,24
2,4000,4000,1.549996615752988,1.490866909474741,1.4918596641214459,1.4888720384201708,15,11,16,24
2,4000,4000,1.5383456210271824,1.4842942291080055,1.484390993521517,1.4822751658264444,15,11,16,24
2,4000,4000,1.538736135034172,1.4812406629413428,1.4817668428815052,1.4795001204209206,15,11,16,24
2,4000,4000,1.5187473636484194,1.4614655009016368,1.4629911855861857,1.4595054656346071,15,11,16,24
2,4000,4000,1.4889210882103212,1.4268930559376516,1.428105827459551,1.4254211530361884,15,11,16,24
2,4000,4000,1.545531559165932,1.497753641300366,1.5015251266727228,1.4960416710055264,15,11,16,24
2,4000,4000,1.5207733553720573,1.4682059783888772,1.468281424966773,1.4666691753231507,15,11,16,24
2,4000,4000,1.5254724430748339,1.482484384200475,1.4781440760723006,1.4779910753736145,15,11,16,24
2,4000,4000,1.531686355493935,1.4689775807672065,1.4694238927664904,1.4666917230876413,15,11,16,24
2,4000,4000,1.5309183813293274,1.4733112973275069,1.4789274900013438,1.4709372476939129,15,11,16,24
2,4000,4000,1.5041126371985456,1.4473496717454868,1.448108888391315,1.4459811891235954,15,11,16,24
2,4000,4000,1.5369803564063877,1.4753313538766653,1.4752904114842385,1.4732684952186372,15,11,16,24
2,4000,4000,1.5295078622455995,1.47706491162282,1.4752540602760211,1.474029577195956,15,11,16,24
2,4000,4000,1.513075643562569,1.4403890688145935,1.4422966962988055,1.4388189094542372,15,11,16,24
2,4000,4000,1.5507200101032095,1.4936417057871536,1.4996992562905744,1.4905260965949365,15,11,16,24
2,4000,4000,1.518972482574191,1.4554751795524092,1.4587871578917297,1.4526315646899206,15,11,16,24
2,4000,4000,1.5549429370170833,1.4932210503103007,1.4951086584404218,1.4920139942557584,15,11,16,24
2,4000,4000,1.5442255252520016,1.484485301211665,1.4858961191293483,1.483235149533161,15,11,16,24
2,4000,4000,1.5300445786509635,1.4651644973134383,1.4663823186623124,1.4639820872287765,15,11,16,24
2,4000,4000,1.5312809251456947,1.4774592470752705,1.4768619647223513,1.474988084155611,15,11,16,24
2,4000,4000,1.4824626135420913,1.4219170820450056,1.4228806304122217,1.419882559911349,15,11,16,24
2,4000,4000,1.562801590672482,1.4970480129800434,1.4992640696467951,1.4959097632620433,15,11,16,24
2,4000,4000,1.5657667843587022,1.5019084478261582,1.5044858890478452,1.499923959602521,15,11,16,24
2,4000,4000,1.4912974670372519,1.4408123011468852,1.438830360797632,1.437672380062969,15,11,16,24
2,4000,4000,1.5275288786964343,1.468957934319398,1.4685151483169967,1.4665484920612393,15,11,16,24
2,4000,4000,1.5820958595892591,1.5212638305410295,1.5232042230047482,1.5203405619719323,15,11,16,24
2,4000,4000,1.558138918538129,1.4950651960976211,1.4952755866106426,1.4927425301247794,15,11,16,24
2,4000,4000,1.542675838516322,1.4847246339243625,1.4828814365876157,1.4810584306351915,15,11,16,24
2,4000,4000,1.5550217523225929,1.4985343649739296,1.5001703221800124,1.4976094211550253,15,11,16,24
2,4000,4000,1.5082812277124145,1.453331403214695,1.4542693637098476,1.4519361961156259,15,11,16,24
2,4000,4000,1.530118857443688,1.4770827675446494,1.474207751832835,1.4715823066188765,15,11,16,24
2,4000,4000,1.5482707696977531,1.4740272916765818,1.4803016308274832,1.472165561782463,15,11,16,24
2,4000,4000,1.5111921798962102,1.4538278950307064,1.4543995656795707,1.4519203713263558,15,11,16,24
2,4000,4000,1.5298316868099746,1.4714714877778061,1.4703131927667281,1.4687463598666326,15,11,16,24
2,4000,4000,1.5170222338099013,1.4708105796007722,1.4680063610768617,1.4670520873918231,15,11,16,24
2,4000,4000,1.519779864115666,1.46317071520997,1.4618001362895365,1.4605516696079786,15,11,16,24
2,4000,4000,1.511140374710186,1.4585531105722092,1.458893576136811,1.4567753222238458,15,11,16,24
2,4000,4000,1.5612605473113668,1.5036957211351623,1.5054521093769075,1.501607163848013,15,11,16,24
2,4000,4000,1.488077814228748,1.4356430611740243,1.4354154617304145,1.4338924943189373,15,11,16,24
2,4000,4000,1.4896743830972254,1.4313968483912203,1.4410428456578974,1.4297354375720912,15,11,16,24
2,4000,4000,1.5089838465475718,1.4451630894519216,1.4470985566506378,1.44432117419022,15,11,16,24
2,4000,4000,1.5489476062765681,1.4958229176068305,1.4947427299667428,1.4936409937798059,15,11,16,24
2,4000,4000,1.4550961813713414,1.3968265996007836,1.40089012476166,1.392318274328144,15,11,16,24
2,4000,4000,1.5597105436377907,1.4991957656363935,1.4991585283698903,1.4966607780848942,15,11,16,24
2,4000,4000,1.5550070045782953,1.4974361102586855,1.4999975163286627,1.4958302676511335,15,11,16,24
2,4000,4000,1.5643978751674668,1.5033061418508942,1.5074454202806302,1.5015917085185206,15,11,16,24
2,4000,4000,1.5727506966913942,1.5196370217210151,1.5332452091093534,1.5184384966311841,15,11,16,24
2,4000,4000,1.5255757858984826,1.4592919124564505,1.4625773304883949,1.4587676265184575,15,11,16,24
2,4000,4000,1.5251202306957627,1.4666996389691709,1.4676706012957388,1.4652802758659627,15,11,16,24
2,4000,4000,1.566343550623791,1.5084373732520342,1.5109580561627463,1.5055177275144849,15,11,16,24
2,4000,4000,1.5058820869890692,1.4523971278111598,1.4532154702111664,1.4515350519422137,15,11,16,24
2,4000,4000,1.5160761076389615,1.4658980684552085,1.4713004269204304,1.4640688089401208,15,11,16,24
2,4000,4000,1.5113557146462557,1.4415463802512514,1.4417541309976396,1.4394150948362077,15,11,16,24
2,4000,4000,1.4849699569050268,1.435924541025432,1.4341312685415986,1.4334954547627439,15,11,16,24
2,4000,4000,1.4659832871176772,1.410142286602,1.4114954320182596,1.408394834994655,15,11,16,24
2,4000,4000,1.4982113702731585,1.450635219239457,1.4482850311204947,1.446642185718206,15,11,16,24
2,4000,4000,1.5365462720445588,1.4821378051640475,1.4865522838648004,1.4803454689744517,15,11,16,24
2,4000,4000,1.512391428410352,1.4512782840129748,1.4549134431031863,1.4505373669730053,15,11,16,24
2,4000,4000,1.5332749108787234,1.4824719574065266,1.4811589329314132,1.4804324066793801,15,11,16,24
2,4000,4000,1.497319634217314,1.4495429384003273,1.4471945568158904,1.4462083544782869,15,11,16,24
2,4000,4000,1.530562776215124,1.4735738960716616,1.4728119144815013,1.4708580513406215,15,11,16,24
2,4000,4000,1.5169179031364521,1.4569326007326637,1.4605884585366522,1.4555425764633265,15,11,16,24
2,4000,4000,1.5509002215756822,1.495067947800878,1.4936628767127322,1.4916448237014739,15,11,16,24
2,4000,4000,1.527777608499699,1.462711164296691,1.4634457589358478,1.4616155293657185,15,11,16,24
2,4000,4000,1.5071568882575266,1.440594268145438,1.4473103621509722,1.4378897403825859,15,11,16,24
2,4000,4000,1.5359213642330032,1.4714719114059052,1.4721730503815862,1.4701022754518758,15,11,16,24
2,4000,4000,1.5584005844529665,1.495576513010016,1.499635254671394,1.4929079746816172,15,11,16,24
2,4000,4000,1.5077284148563477,1.46217010125191,1.4541912363605098,1.452782643645185,15,11,16,24
2,4000,4000,1.5153565988885414,1.4541170725550805,1.4608888652522787,1.4523483662906014,15,11,16,24
3,1000,1000,1.7779789480220742,1.4782605541114788,1.4516438472078352,1.4512303701691662,13,9,14,20
3,1000,1000,1.6643204041196986,1.3503427142345477,1.3188640101067077,1.3181651589095704,13,9,14,20
3,1000,1000,1.795972342437962,1.479203719969067,1.4599940537567149,1.4590039037194482,13,9,14,20
3,1000,1000,1.739604989878159,1.454513234555397,1.4286111739256144,1.4284507280915846,13,9,14,20
3,1000,1000,1.7733142864293063,1.4341201032673592,1.4160364162784367,1.4145783935223337,13,9,14,20
3,1000,1000,1.6107097525979113,1.3344043583706597,1.3080133011663748,1.3066782772326038,13,9,14,20
3,1000,1000,1.752671169826754,1.4442184313870308,1.4201433390461466,1.4175495684801618,13,9,14,20
3,1000,1000,1.835657938418772,1.5072620278676472,1.4838948711050677,1.4804696583491355,13,9,14,20
3,1000,1000,1.6886295401508993,1.3836498893379674,1.3723162469714458,1.370170876112145,13,9,14,20
3,1000,1000,1.7520515814042776,1.42277130606343,1.4020856256778724,1.4015676007006015,13,9,14,20
3,1000,1000,1.7681066752357169,1.4096618896822797,1.3946894228456723,1.3932660102808951,13,9,14,20
3,1000,1000,1.6953777591311465,1.4193066833121106,1.398799646821339,1.3958076717274661,13,9,14,20
3,1000,1000,1.7462317605093667,1.4197441979612513,1.4019153158673185,1.4007714544646388,13,9,14,20
3,1000,1000,1.775492647209057,1.4568485764616617,1.430427670020391,1.429237858119505,13,9,14,20
3,1000,1000,1.7132226744533614,1.3961150824192892,1.3725140348956304,1.3697338604091711,13,9,14,20
3,1000,1000,1.6997816910644905,1.4226784186814847,1.399759125806251,1.3994002962715197,13,9,14,20
3,1000,1000,1.6977124617103299,1.3710254373479143,1.341478628553147,1.3403403767973665,13,9,14,20
3,1000,1000,1.5894727510656381,1.2944437981025565,1.2677622410045901,1.267079216271401,13,9,14,20
3,1000,1000,1.6774629201087523,1.343919626269971,1.3046401753559436,1.3023881427331399,13,9,14,20
3,1000,1000,1.6866336969747557,1.3694403327217042,1.342830653248447,1.3385047295012162,13,9,14,20
3,1000,1000,1.8370817918087454,1.473883068815409,1.4596035211133016,1.4584525757524642,13,9,14,20
3,1000,1000,1.7264881938317969,1.4016671813777775,1.3609267134097895,1.3582901196996908,13,9,14,20
3,1000,1000,1.723460685656529,1.3838029820758757,1.3629365770770545,1.3627164771187836,13,9,14,20
3,1000,1000,1.683936719026668,1.3941712620425395,1.370224554768192,1.3682371465736447,13,9,14,20
3,1000,1000,1.7789979929218012,1.3965904380229428,1.3708713274665973,1.370113335738688,13,9,14,20
3,1000,1000,1.7655894685978737,1.438602324149906,1.4241734569778837,1.4238887537526193,13,9,14,20
3,1000,1000,1.6877671398004226,1.352902881851922,1.3239908754187695,1.3223573511531472,13,9,14,20
3,1000,1000,1.8450722558847186,1.4941104195922768,1.4691100562347166,1.4685229991594433,13,9,14,20
3,1000,1000,1.708448689563761,1.3959802385754272,1.383076053601273,1.377666479336533,13,9,14,20
3,1000,1000,1.7749653159546475,1.4241770282004607,1.4097266873209882,1.409655108114639,13,9,14,20
3,1000,1000,1.6897676448743313,1.3774284933581884,1.359341214460486,1.3587235975349319,13,9,14,20
3,1000,1000,1.7769730437689624,1.4362012930778487,1.4264576996106169,1.4240130860188929,13,9,14,20
3,1000,1000,1.6711479604065929,1.3360959503217305,1.316021363306118,1.314244547074785,13,9,14,20
3,1000,1000,1.6427474867827507,1.342851345781394,1.3269500567632786,1.3264541404169021,13,9,14,20
3,1000,1000,1.7403533113861627,1.3989493597865554,1.3708072921166414,1.3702321124293062,13,9,14,20
3,1000,1000,1.7409967552266696,1.4155496544005928,1.3954409567990225,1.3950208045647978,13,9,14,20
3,1000,1000,1.7528652081503646,1.4524566504647847,1.4305030190620376,1.4297807208679816,13,9,14,20
3,1000,1000,1.7644972879836032,1.4188312951716606,1.4051754696925312,1.404947874003475,13,9,14,20
3,1000,1000,1.7458775840707732,1.4012051244741905,1.3838645555081048,1.3806316673360561,13,9,14,20
3,1000,1000,1.725861327523024,1.4159542366861448,1.3895510141289225,1.386531598201595,13,9,14,20
3,1000,1000,1.7695004330495818,1.4370633356571871,1.4142307869012367,1.4138787308310843,13,9,14,20
3,1000,1000,1.7030509607714082,1.3779039874349939,1.35975714093128,1.3580233061888256,13,9,14,20
3,1000,1000,1.682193057590081,1.389299386002584,1.364942896305212,1.3643902819158633,13,9,14,20
3,1000,1000,1.7051690336015533,1.382454716015538,1.3536929178060082,1.352788260457491,13,9,14,20
3,1000,1000,1.7259422145411807,1.393873093627571,1.3857089690054385,1.381374284133402,13,9,14,20
3,1000,1000,1.74961266835253,1.4315421135830018,1.413331719654852,1.410967066353146,13,9,14,20
3,1000,1000,1.8359327538273396,1.493538952344722,1.4701515836518197,1.4696086997399682,13,9,14,20
3,1000,1000,1.6847324539170465,1.3873760789230365,1.3654861195468666,1.3645149298858341,13,9,14,20
3,1000,1000,1.7200145711425585,1.3782421236522977,1.3582603132356348,1.3576111350158424,13,9,14,20
3,1000,1000,1.7625190155574482,1.4455222263299174,1.4266668296070502,1.4223647341657324,13,9,14,20
3,1000,1000,1.6600217188614652,1.3332423551257375,1.304663633713357,1.303827790822668,13,9,14,20
3,1000,1000,1.7387286188191327,1.4101460411911186,1.3900057550211544,1.3890418092538512,13,9,14,20
3,1000,1000,1.743128722762226,1.3860446492413143,1.3549329166049506,1.352877865947723,13,9,14,20
3,1000,1000,1.6958149866548373,1.3575165043261157,1.314175662344933,1.373490552240552,13,9,14,20
3,1000,1000,1.6689494875833193,1.3991954209072208,1.3441109757551926,1.343662758251575,13,9,14,20
3,1000,1000,1.7282443608876876,1.417067464169962,1.4007236290530811,1.3991494068905157,13,9,14,20
3,1000,1000,1.7996138468881044,1.4003787252271216,1.3801430504246266,1.3785832583614501,13,9,14,20
3,1000,1000,1.7988297971187408,1.4921140639183468,1.4646543302076165,1.4639146659029938,13,9,14,20
3,1000,1000,1.775213307309835,1.420805617240505,1.3955498032039866,1.3951627685425638,13,9,14,20
3,1000,1000,1.6797956917122614,1.3581205979277373,1.3298210513267843,1.3296806427803831,13,9,14,20
3,1000,1000,1.7440366579121334,1.4020143716875624,1.3844167282556485,1.3821075824088693,13,9,14,20
3,1000,1000,1.7696320592921042,1.4620623552238612,1.4309642986847484,1.4297490209471069,13,9,14,20
3,1000,1000,1.710677801624382,1.4089062004131603,1.381900392296124,1.3812671305143007,13,9,14,20
3,1000,1000,1.7646522803539193,1.4418793935376948,1.4271498139460075,1.4261747324397602,13,9,14,20
3,1000,1000,1.732750170881423,1.4261561943270817,1.4005754447093992,1.3990096973014834,13,9,14,20
3,1000,1000,1.660197969469128,1.3596385299949065,1.3414091813452342,1.3404144703588885,13,9,14,20
3,1000,1000,1.6510664933234047,1.3582326315619273,1.329271101130429,1.327540112247431,13,9,14,20
3,1000,1000,1.7534162512608054,1.4324220151283793,1.4109693024488612,1.4086476500313008,13,9,14,20
3,1000,1000,1.7331618290890707,1.4224750504942694,1.4079635012499938,1.4078703440580858,13,9,14,20
3,1000,1000,1.7274822926645719,1.3984522776798287,1.3853111692011857,1.3806374382476136,13,9,14,20
3,1000,1000,1.7779986890065873,1.4641239090508624,1.448854920580458,1.4483969464143052,13,9,14,20
3,1000,1000,1.7489890553206782,1.3913742474901443,1.3687835407334623,1.3676109219578052,13,9,14,20
3,1000,1000,1.7256268106042203,1.401567497621971,1.3725901572139352,1.3720403493743927,13,9,14,20
3,1000,1000,1.7742658252303012,1.462019345658877,1.4343977042277714,1.4340305095534207,13,9,14,20
3,1000,1000,1.7511963702126716,1.408427089429335,1.382404461533765,1.380335892664362,13,9,14,20
3,1000,1000,1.7101467539602087,1.3916807528656898,1.3693780952478205,1.3672992274574238,13,9,14,20
3,1000,1000,1.7212973777673342,1.3701651490380502,1.3522703416030664,1.351851531508778,13,9,14,20
3,1000,1000,1.6809851716439683,1.3540817897787365,1.3331632606399606,1.3332559447814019,13,9,14,20
3,1000,1000,1.7119124530788383,1.4087677955715552,1.3881722365523501,1.3873543986275332,13,9,14,20
3,1000,1000,1.7047163086579078,1.377114854659416,1.3568025841785905,1.3546320609145415,13,9,14,20
3,1000,1000,1.772909507930114,1.4587925820529843,1.430900864520374,1.43037734167241,13,9,14,20
3,1000,1000,1.7545843673635186,1.3981592976643744,1.3622984064955854,1.358436960128839,13,9,14,20
3,1000,1000,1.7419110580072414,1.4215584848599296,1.393955229689906,1.3922432562291653,13,9,14,20
3,1000,1000,1.7281720628205788,1.3839840448068101,1.3528122381715912,1.3518956059737621,13,9,14,20
3,1000,1000,1.7153180575579585,1.3997420160288314,1.3703542860370808,1.3697121116315247,13,9,14,20
3,1000,1000,1.7217852955591177,1.427135435162708,1.400283402184907,1.3987627792280442,13,9,14,20
3,1000,1000,1.6837836056323494,1.3879623434398731,1.359294749618873,1.3562779644931824,13,9,14,20
3,1000,1000,1.7564414269080926,1.4311688598726091,1.4052291125682415,1.4032576650412667,13,9,14,20
3,1000,1000,1.7091378104306931,1.4286496209855633,1.3976103828739288,1.3976312751660003,13,9,14,20
3,1000,1000,1.7149308975531408,1.421425479555719,1.385396008720745,1.3823412417559016,13,9,14,20
3,1000,1000,1.721821891173635,1.4172590766799245,1.4004735031795734,1.3999440671346068,13,9,14,20
3,1000,1000,1.7683720588170582,1.4320774864648917,1.4200934613459986,1.4196394593877664,13,9,14,20
3,1000,1000,1.7794371446317978,1.4293354837420034,1.4107123287077457,1.4095566366539196,13,9,14,20
3,1000,1000,1.7787713697920826,1.4316600972527505,1.4077609131325224,1.4069861788150846,13,9,14,20
3,1000,1000,1.7489537041718495,1.399728461002286,1.3794631470072567,1.3792960668026213,13,9,14,20
3,1000,1000,1.6588799509156151,1.3570389103253475,1.326940433364085,1.3265610075365188,13,9,14,20
3,1000,1000,1.7784732694540861,1.4135766697463477,1.3958200411082833,1.3954718801400576,13,9,14,20
3,1000,1000,1.7655949258768546,1.4215123795003697,1.3896166744070189,1.3886226378200874,13,9,14,20
3,1000,1000,1.8413336716195545,1.5050003326639132,1.4690317864059153,1.4660194729597775,13,9,14,20
3,1000,1000,1.7198815274038077,1.3849960804562806,1.3704752044373645,1.3681376466821777,13,9,14,20
3,4000,4000,1.8494434741889323,1.4436153718127729,1.419547551632144,1.4192479791272048,14,10,15,22
3,4000,4000,1.869071631527769,1.4492930379655387,1.4259425254896319,1.4257533128123234,14,10,15,22
3,4000,4000,1.8257009397203947,1.4144172023077881,1.388979428331674,1.3883148820446842,14,10,15,22
3,4000,4000,1.8512701064815842,1.3984001086265325,1.3795484990210407,1.379319064441319,14,10,15,22
3,4000,4000,1.861047853190964,1.4364746561490849,1.4165436137217813,1.4162249456372946,14,10,15,22
3,4000,4000,1.8770109213843758,1.4538501320463781,1.4327372228594437,1.432177008695589,14,10,15,22
3,4000,4000,1.7787999553400287,1.3708830966718588,1.3470075776783743,1.3466839337891972,14,10,15,22
3,4000,4000,1.8465954287639226,1.3968099154559208,1.3776416853999467,1.3772677047062387,14,10,15,22
3,4000,4000,1.851534403993747,1.431601322990562,1.4068577421742747,1.4060050083642108,14,10,15,22
3,4000,4000,1.7889743694278872,1.3687609498025883,1.350229028552715,1.3500108517778266,14,10,15,22
3,4000,4000,1.8652845502980153,1.435735739705304,1.4170348215037913,1.4168838434488293,14,10,15,22
3,4000,4000,1.8566612310607116,1.4252748306902594,1.4038068032385935,1.4035804214440022,14,10,15,22
3,4000,4000,1.7959322944309553,1.3862690668102098,1.357765056588513,1.356949764174336,14,10,15,22
3,4000,4000,1.8428629870665754,1.394133181056745,1.3713169311558986,1.3712399510887745,14,10,15,22
3,4000,4000,1.8212881638279814,1.390417717316238,1.3729801628217277,1.372516324717566,14,10,15,22
3,4000,4000,1.8646192109490103,1.4495793942272577,1.4250548103562766,1.4248468810672734,14,10,15,22
3,4000,4000,1.869838438172003,1.4411650658707953,1.423746382700168,1.4232036197509985,14,10,15,22
3,4000,4000,1.8173617008955243,1.3934853904904712,1.3738941840188699,1.3737885851323144,14,10,15,22
3,4000,4000,1.7837701388030955,1.389202392267379,1.3691194598682295,1.3690027356094592,14,10,15,22
3,4000,4000,1.8321578080060617,1.405847623176739,1.382652797932023,1.3824613784170843,14,10,15,22
3,4000,4000,1.8105305103974443,1.3977510512561009,1.3766877311901302,1.3763672392555577,14,10,15,22
3,4000,4000,1.8117087621660026,1.3899535809180488,1.3690212449972676,1.368767652425529,14,10,15,22
3,4000,4000,1.8674604277833509,1.4474633039787168,1.4232429978867025,1.422741072586117,14,10,15,22
3,4000,4000,1.861299934351687,1.4139830321428977,1.3978166406212127,1.397198098738903,14,10,15,22
3,4000,4000,1.8219193805533962,1.3969904274028955,1.3740132051505343,1.3736787020737051,14,10,15,22
3,4000,4000,1.8316534901017307,1.4164019668163346,1.395789866926062,1.3953667814727,14,10,15,22
3,4000,4000,1.8712731850702211,1.439548044172514,1.4189479082135912,1.418886658599376,14,10,15,22
3,4000,4000,1.8054116515167569,1.3903205687925206,1.3659181034929544,1.3658852920876612,14,10,15,22
3,4000,4000,1.862104500222595,1.4218624807837423,1.4015644840541726,1.4015319508056225,14,10,15,22
3,4000,4000,1.817010241231772,1.4012278053394156,1.3788837997852734,1.378772997157635,14,10,15,22
3,4000,4000,1.8223644785304605,1.3916837156622288,1.3646523051546038,1.3641614961809994,14,10,15,22
3,4000,4000,1.8608241186431258,1.4203031771614643,1.4000326180050584,1.3995336678735393,14,10,15,22
3,4000,4000,1.8749229921582264,1.4476160829945246,1.4304348797502915,1.4298713403291463,14,10,15,22
3,4000,4000,1.8361108261327759,1.4507066786167322,1.4270340129325758,1.426643692407478,14,10,15,22
3,4000,4000,1.8166553769405354,1.399338887387361,1.3834207231019384,1.3828925949902635,14,10,15,22
3,4000,4000,1.8708989123268316,1.435798806485599,1.4192153903463232,1.4186425140603212,14,10,15,22
3,4000,4000,1.8594509142425026,1.426816381149662,1.4046423490938824,1.4045367392600274,14,10,15,22
3,4000,4000,1.818728094191591,1.3969770516262545,1.371927605571789,1.3714636437372747,14,10,15,22
3,4000,4000,1.8481253949412657,1.4104541935312305,1.3877715781679103,1.3875818662653139,14,10,15,22
3,4000,4000,1.8391064208130747,1.4150354781643788,1.3945569254675507,1.3935562485192174,14,10,15,22
3,4000,4000,1.8365631354248144,1.423946615602043,1.4066030852094435,1.4065336076456982,14,10,15,22
3,4000,4000,1.8460500010812906,1.4103580028919984,1.3920363393047737,1.3917021611681484,14,10,15,22
3,4000,4000,1.8560246576693487,1.4315998008142266,1.410711588314701,1.4105377594006838,14,10,15,22
3,4000,4000,1.8565500410228843,1.4229534168846576,1.401468931354972,1.4013594414862132,14,10,15,22
3,4000,4000,1.8447292462902152,1.411933955009362,1.3880274502559395,1.3869339103700378,14,10,15,22
3,4000,4000,1.819215414629847,1.3894581792624479,1.3714971776052844,1.3707866168901706,14,10,15,22
3,4000,4000,1.8326487966716005,1.406094327287374,1.3814421929026313,1.381494212083693,14,10,15,22
3,4000,4000,1.8276033420902393,1.3811457584066427,1.358442456737578,1.3580155483573428,14,10,15,22
3,4000,4000,1.8329352099472236,1.4070471614420095,1.383318908704719,1.38269758663744,14,10,15,22
3,4000,4000,1.8593963595445009,1.4313617731258523,1.410382037520295,1.4102135122043786,14,10,15,22
3,4000,4000,1.8747797637332857,1.4578300154387018,1.440353987949439,1.4387295151854251,14,10,15,22
3,4000,4000,1.8193560174905101,1.4048646286881903,1.3848377860432202,1.384424715384566,14,10,15,22
3,4000,4000,1.8636970146105702,1.4444336256364048,1.4263133297533266,1.4256759544611741,14,10,15,22
3,4000,4000,1.8745380420752757,1.4534409510142883,1.432392552825466,1.4317838075271392,14,10,15,22
3,4000,4000,1.8281473921270102,1.3941833165420907,1.3733304371144068,1.3732253015595146,14,10,15,22
3,4000,4000,1.8662705215344537,1.4300209263026922,1.4078563525699042,1.407008468173207,14,10,15,22
3,4000,4000,1.8399296479680276,1.3894315045239733,1.3693146833227492,1.3689244668615916,14,10,15,22
3,4000,4000,1.8317627724340595,1.4139272321360197,1.3925374840518505,1.3924186454567506,14,10,15,22
3,4000,4000,1.905101341457628,1.449621976916556,1.4310149557226928,1.4307015322788448,14,10,15,22
3,4000,4000,1.8707760552187906,1.4260644676100196,1.4044942173650778,1.404123885281186,14,10,15,22
3,4000,4000,1.868639812585321,1.4615739856742023,1.439688453865976,1.4395453953415394,14,10,15,22
3,4000,4000,1.7974384527676575,1.3833870463613338,1.3609096502694429,1.3604282167404596,14,10,15,22
3,4000,4000,1.8171089200907817,1.4085619474090634,1.386741967353348,1.386527229399808,14,10,15,22
3,4000,4000,1.8661715613321137,1.4404018766362123,1.4157018677865336,1.4155898618033955,14,10,15,22
3,4000,4000,1.82417844986195,1.4001820954790203,1.3757530969377436,1.3752762119958353,14,10,15,22
3,4000,4000,1.8359199806847515,1.4090788987769114,1.3894802156440105,1.3888397686013108,14,10,15,22
3,4000,4000,1.847435154481117,1.4207707419464377,1.4036830945804881,1.4025872351616977,14,10,15,22
3,4000,4000,1.8426578412077046,1.4123829694755599,1.3856239326624626,1.3853204538518318,14,10,15,22
3,4000,4000,1.826716663545555,1.3948745221944991,1.3737385497856065,1.3725879395056861,14,10,15,22
3,4000,4000,1.8350297845526766,1.3970228491711414,1.38088010217257,1.3794479785844354,14,10,15,22
3,4000,4000,1.8394867290704389,1.4109465624586957,1.3889924941708711,1.3881409799700404,14,10,15,22
3,4000,4000,1.8189641177172342,1.3953906239956726,1.373020602797571,1.3728863341375699,14,10,15,22
3,4000,4000,1.8704675958409105,1.4544316313400973,1.4344896103965907,1.4339145703110228,14,10,15,22
3,4000,4000,1.8745929472585634,1.4348386324910434,1.4163351460927402,1.4159365351472033,14,10,15,22
3,4000,4000,1.784781311325486,1.3526275751433352,1.3288607155091998,1.3284876848436322,14,10,15,22
3,4000,4000,1.8329945905949891,1.3997691242883439,1.379119493433855,1.378770348337825,14,10,15,22
3,4000,4000,1.8540067682052574,1.4291060755807192,1.406672787828903,1.4064976580345079,14,10,15,22
3,4000,4000,1.7247695152683755,1.3249166177790208,1.2977145768185918,1.2972368081248664,14,10,15,22
3,4000,4000,1.8496280921514852,1.4196562938010653,1.4000580744152653,1.3985308534937422,14,10,15,22
3,4000,4000,1.8356509357644668,1.407017206663204,1.3832859721299575,1.3830288377300521,14,10,15,22
3,4000,4000,1.8324269318498219,1.4046264797014347,1.3863813200474755,1.385053032598693,14,10,15,22
3,4000,4000,1.822013629949782,1.408489185259368,1.387252882912254,1.386806744000346,14,10,15,22
3,4000,4000,1.864352046046045,1.4300052369822864,1.414889283197396,1.414370504274134,14,10,15,22
3,4000,4000,1.876775292742628,1.4166534019850356,1.3950166398471433,1.394665532349313,14,10,15,22
3,4000,4000,1.8633475642385715,1.4373276604799443,1.413402819830291,1.4129944724105257,14,10,15,22
3,4000,4000,1.8537997106231898,1.4215327235416804,1.399677213243087,1.3996219595585528,14,10,15,22
3,4000,4000,1.837667313211574,1.4236011914992135,1.398471409332606,1.3982895588434945,14,10,15,22
3,4000,4000,1.8301090442639438,1.4186795474445542,1.3916724549583175,1.3910610928374647,14,10,15,22
3,4000,4000,1.8421644340301269,1.4129364763644237,1.395610500072885,1.3944097531989164,14,10,15,22
3,4000,4000,1.8879512924820825,1.445804879115862,1.4289734323109688,1.4283212256945634,14,10,15,22
3,4000,4000,1.843301849373697,1.4080006318059253,1.3799557842017625,1.3958178776422892,14,10,15,22
3,4000,4000,1.8786778962889006,1.4383676967493955,1.4180826952332837,1.4178754328806196,14,10,15,22
3,4000,4000,1.8026762608996019,1.4017580418458901,1.3759213953600609,1.3755344799814333,14,10,15,22
3,4000,4000,1.8086044357619464,1.3972899853721943,1.3732116178823472,1.3729479306466945,14,10,15,22
3,4000,4000,1.8770234002963735,1.4571466705686844,1.4345764129517837,1.4341851384013633,14,10,15,22
3,4000,4000,1.8882742956851417,1.4414849801079626,1.4250984837728806,1.4248683509522753,14,10,15,22
3,4000,4000,1.8938461139512022,1.452772222407577,1.4387364430891987,1.4379266568225317,14,10,15,22
3,4000,4000,1.833432058183004,1.4096469371164289,1.3928038028027285,1.391878542504579,14,10,15,22
3,4000,4000,1.9023230846479326,1.4575096675092698,1.440067223215015,1.439204723060204,14,10,15,22
3,4000,4000,1.8818014748468601,1.4370142277076543,1.4166484932753365,1.4165344534917343,14,10,15,22
7,1000,1000,-0.3911965282978435,-0.456935036147951,-0.4045681446372046,-0.5170590452846336,14,10,15,22
7,1000,1000,-1.1856194413319172,-1.275087337058354,-1.2309726159592855,-1.3446058639120793,14,10,15,22
7,1000,1000,-0.8659375558534612,-0.9507374524291982,-0.8305907605820394,-0.9866007090820694,14,10,15,22
7,1000,1000,-0.9756406479879842,-1.0688353585081696,-0.9760026594868078,-1.1109793265693453,14,10,15,22
7,1000,1000,-0.9267583475333485,-1.010422249673844,-0.9347742871274913,-1.0825124621261675,14,10,15,22
7,1000,1000,-0.44996135033731754,-0.5228911220760493,-0.49218476804985223,-0.5967284539981692,14,10,15,22
7,1000,1000,-0.9781166270450703,-1.043416902476134,-0.9278422212767601,-1.0909727192489171,14,10,15,22
7,1000,1000,-0.5933769038335468,-0.6907532872118454,-0.5994226913963839,-0.740338442890481,14,10,15,22
7,1000,1000,-0.7411421403635122,-0.8063996860005591,-0.719652537894559,-0.8613698897102622,14,10,15,22
7,1000,1000,-0.8970077039768157,-0.9556223536333591,-0.8563683653731113,-1.0113314873863855,14,10,15,22
7,1000,1000,-0.7141413615426363,-0.7669871088702884,-0.7671285873317238,-0.8588127073813057,14,10,15,22
7,1000,1000,-0.6476881827788675,-0.719911019036952,-0.5766070871313432,-0.7645987279325618,14,10,15,22
7,1000,1000,-0.9033684693255772,-0.9295050473330648,-0.8381935891208087,-0.986060580169823,14,10,15,22
7,1000,1000,-0.7795403887189631,-0.8416077978323965,-0.7399348905543529,-0.9027967796797685,14,10,15,22
7,1000,1000,-0.4279987567393091,-0.5043520494224122,-0.4550062543240638,-0.5515016983627083,14,10,15,22
7,1000,1000,-0.6935916829875323,-0.7696229313529639,-0.7109737768196528,-0.8351235338235001,14,10,15,22
7,1000,1000,-1.419061244396883,-1.553967114456158,-1.2681728761338444,-1.5906176744927216,14,10,15,22
7,1000,1000,-0.3249722763847085,-0.41701593377224616,-0.3860115675361803,-0.4826811727656441,14,10,15,22
7,1000,1000,-1.3740386717317314,-1.4838856745844151,-1.3933359375667824,-1.5602990884421752,14,10,15,22
7,1000,1000,-1.038580758352735,-1.1237818024639,-0.9693938885522548,-1.1714283655439086,14,10,15,22
7,1000,1000,-0.32508288644128697,-0.40562099470293467,-0.3446251327735172,-0.4753463347188226,14,10,15,22
7,1000,1000,-0.8333074664534516,-0.9135977816106042,-0.8621857234059535,-0.9656309570599133,14,10,15,22
7,1000,1000,-0.6430964401196297,-0.7317342521758401,-0.6717903153263415,-0.7954634375352052,14,10,15,22
7,1000,1000,-0.8510230397468004,-0.902698179798198,-0.8495867475292743,-0.9692348793031442,14,10,15,22
7,1000,1000,-1.1766583292961987,-1.2529181937532239,-1.1567305090177924,-1.3096730511713268,14,10,15,22
7,1000,1000,-0.6857845871286999,-0.743268427957636,-0.6978290583365815,-0.8006518959810018,14,10,15,22
7,1000,1000,-0.938032967837703,-1.033892132282741,-0.9271446732957774,-1.09946621157357,14,10,15,22
7,1000,1000,-0.8772756321110683,-0.9242356148836679,-0.8534966173861812,-0.9935604937806037,14,10,15,22
7,1000,1000,-1.348066842248306,-1.4286807427410404,-1.3061395239363955,-1.4934350860567447,14,10,15,22
7,1000,1000,-1.4190408442152094,-1.4930628038891574,-1.3449415017382615,-1.5496923314419229,14,10,15,22
7,1000,1000,-0.7428375826362644,-0.7568645363768265,-0.7287545020389271,-0.8473828969333371,14,10,15,22
7,1000,1000,-1.1811574679113874,-1.2704566313085153,-1.135943706193846,-1.3275142028406135,14,10,15,22
7,1000,1000,-0.6395971436382788,-0.7193568680253629,-0.6234861671779564,-0.7803937560970844,14,10,15,22
7,1000,1000,-0.6565324768766914,-0.7017861991913733,-0.6657967900486774,-0.7861131470286091,14,10,15,22
7,1000,1000,-0.8031849769872733,-0.8631406176085038,-0.8027532396253864,-0.9306888098475828,14,10,15,22
7,1000,1000,-0.7727151738365701,-0.8064347467497573,-0.7355036318294141,-0.8540928958273553,14,10,15,22
7,1000,1000,-0.8771646927351103,-0.9381036227021423,-0.7711816918680124,-0.9919183609575776,14,10,15,22
7,1000,1000,-0.7303406512590973,-0.8039074646658045,-0.7335456788697893,-0.8599450607567442,14,10,15,22
7,1000,1000,-0.3653659995403732,-0.43003081319903597,-0.3917261274353395,-0.49908233411530273,14,10,15,22
7,1000,1000,-0.8233387291114687,-0.8846272202221153,-0.7746756109016832,-0.9384651253835801,14,10,15,22
7,1000,1000,-0.6440700670900824,-0.7310315774935934,-0.6372064401534353,-0.7676653551760574,14,10,15,22
7,1000,1000,-1.0023594503372988,-1.063019638221942,-1.0131907895850198,-1.1322803444377532,14,10,15,22
7,1000,1000,-0.6595677627977984,-0.6979078892165089,-0.6105845961929326,-0.7415064275069708,14,10,15,22
7,1000,1000,-0.5560709372173478,-0.6172324110938171,-0.5814421641888039,-0.6782906294450395,14,10,15,22
7,1000,1000,-0.6179520100436202,-0.6920821759090686,-0.6540439025423257,-0.7595830125430594,14,10,15,22
7,1000,1000,-1.0592553382898395,-1.1306076377025056,-1.0762875166368404,-1.1891866489796556,14,10,15,22
7,1000,1000,-0.7942882834188458,-0.9157201973208067,-0.8357514752936132,-0.9794105598986643,14,10,15,22
7,1000,1000,-1.023968064151819,-1.1093428542127022,-0.9328936562068247,-1.1474132685461036,14,10,15,22
7,1000,1000,-0.8839764112539388,-1.0096763865898546,-0.854585973102744,-1.0433503957449501,14,10,15,22
7,1000,1000,-0.5570579600679711,-0.6079684347675793,-0.5667355154612796,-0.6914706572202031,14,10,15,22
7,1000,1000,-0.8099278510944223,-0.8838384870043238,-0.7696179128090652,-0.9288849778188123,14,10,15,22
7,1000,1000,-0.9810718668186491,-1.08628667774088,-0.998035246841042,-1.1317480224873433,14,10,15,22
7,1000,1000,-0.4745786847598356,-0.5378827623458301,-0.47503216124352093,-0.6180407210932181,14,10,15,22
7,1000,1000,-0.8521217344702036,-0.9279246075363425,-0.7432405384919939,-0.968340956234224,14,10,15,22
7,1000,1000,-0.3568718678497789,-0.4024417960234605,-0.3732595197243554,-0.47978820502737196,14,10,15,22
7,1000,1000,-1.4765438120435574,-1.5761258232782929,-1.4141432497028072,-1.6344054984763552,14,10,15,22
7,1000,1000,-0.6786164589108284,-0.7287624080018195,-0.6246065318369647,-0.76275825011703,14,10,15,22
7,1000,1000,-0.4749486654879083,-0.5495741180122795,-0.544667133218194,-0.6248750909183327,14,10,15,22
7,1000,1000,-0.7833930774982191,-0.8452898777762912,-0.7892097395591836,-0.9059956810900994,14,10,15,22
7,1000,1000,-1.003224832632928,-1.051252955626499,-0.9743474313776497,-1.1188805431673945,14,10,15,22
7,1000,1000,-0.4404510102642635,-0.5302881235785116,-0.49852318493147957,-0.6048675532048783,14,10,15,22
7,1000,1000,-0.8074355814692145,-0.8534784787016252,-0.7766872269501346,-0.9079424952927693,14,10,15,22
7,1000,1000,-0.7046556632172942,-0.7960935001447187,-0.6941796524198853,-0.8338861692453529,14,10,15,22
7,1000,1000,-0.6923076799866158,-0.7924519946435594,-0.6607752176824415,-0.8318860798850255,14,10,15,22
7,1000,1000,-0.6564716059337452,-0.7403964004019881,-0.697554871715517,-0.8153458138010292,14,10,15,22
7,1000,1000,-1.2551053142645396,-1.3333309659438763,-1.2372619575928048,-1.3963387255894122,14,10,15,22
7,1000,1000,-0.9810317610691218,-1.0739966682249769,-0.9617709462552065,-1.1300659464511555,14,10,15,22
7,1000,1000,-0.609839784164129,-0.6689576586960803,-0.6320925417127182,-0.7472354127866975,14,10,15,22
7,1000,1000,-0.5939028970168556,-0.6791221963776516,-0.59498501998353,-0.737905384299921,14,10,15,22
7,1000,1000,-1.783710202212349,-1.855861172688009,-1.5733528016167548,-1.9070756601693137,14,10,15,22
7,1000,1000,-1.3250969910480326,-1.4284295069368262,-1.2122118470178112,-1.4701443102517169,14,10,15,22
7,1000,1000,-0.8680673465611508,-0.9815565810638627,-0.8143905499233434,-1.0122194787930767,14,10,15,22
7,1000,1000,-0.5812420135622443,-0.6564944637111066,-0.5704427046470819,-0.7030805363195349,14,10,15,22
7,1000,1000,-0.8456656134963023,-0.9153399014111374,-0.8536328905881891,-0.9817386939232993,14,10,15,22
7,1000,1000,-1.008391091833716,-1.0757936299525819,-0.9465428249574325,-1.1378985533149097,14,10,15,22
7,1000,1000,-0.4678378352634727,-0.5361369809959933,-0.48510864165792916,-0.5930237727972962,14,10,15,22
7,1000,1000,-0.24571034911270545,-0.3265300490580776,-0.26038367125907097,-0.3719384956245558,14,10,15,22
7,1000,1000,-0.3622187141710747,-0.4212275485090886,-0.36049628765693886,-0.4777747228992439,14,10,15,22
7,1000,1000,-0.7313862553521457,-0.7786541859501731,-0.6987547805482245,-0.8454514822534475,14,10,15,22
7,1000,1000,-0.5989698698061721,-0.6621262315450994,-0.6113317523184277,-0.7211523075642227,14,10,15,22
7,1000,1000,-1.3721163166275245,-1.4437122856789866,-1.3402773878517147,-1.501789902694999,14,10,15,22
7,1000,1000,-0.4574990743878434,-0.4810293896060612,-0.4445614676935857,-0.5599102627729853,14,10,15,22
7,1000,1000,-0.8622001533505264,-0.9397922232478823,-0.858098816362357,-0.9911135161399989,14,10,15,22
7,1000,1000,-0.7401092162351725,-0.8456575507842635,-0.747557644827687,-0.8860856092560262,14,10,15,22
7,1000,1000,-1.0833530426230045,-1.1654607994815616,-1.0734550821223947,-1.2325237168433796,14,10,15,22
7,1000,1000,-0.6996825889198681,-0.7626483504123198,-0.6652111728851887,-0.8205302428438472,14,10,15,22
7,1000,1000,-0.8142332704145246,-0.876062978277565,-0.7779901529968074,-0.9249034934048386,14,10,15,22
7,1000,1000,-1.2196708849263487,-1.3186458773020804,-1.233222563852887,-1.3825816232307033,14,10,15,22
7,1000,1000,-0.967601905170698,-1.0000719927999653,-0.9161751537135778,-1.0600014217470817,14,10,15,22
7,1000,1000,-1.0941472535742778,-1.1504416115630174,-1.0073613094964093,-1.1914290334038924,14,10,15,22
7,1000,1000,-0.9423768454984102,-1.004469254349814,-0.93782201694385,-1.0831440932914094,14,10,15,22
7,1000,1000,-0.8410985368020929,-0.9196005866753322,-0.8288204209856267,-0.9820327993198361,14,10,15,22
7,1000,1000,-0.9074559008348969,-0.991290176020836,-0.9180493068273772,-1.0601681051708511,14,10,15,22
7,1000,1000,-1.0916852003881212,-1.1706743171847465,-1.0181130429571186,-1.2171378201045855,14,10,15,22
7,1000,1000,-0.511597403678853,-0.5637286499046704,-0.5296783643329372,-0.6307660721324746,14,10,15,22
7,1000,1000,-0.5795107635207541,-0.6155177799171788,-0.5987175018135585,-0.689580696310687,14,10,15,22
7,1000,1000,-1.1342941421331743,-1.2009407488370472,-1.1295463713272347,-1.2635825301528638,14,10,15,22
7,1000,1000,-1.7982497227857457,-1.862798417277485,-1.7036382901988865,-1.9090712848330331,14,10,15,22
7,1000,1000,-0.734591228272061,-0.8195528528961394,-0.7808171143669033,-0.8963563753949884,14,10,15,22
7,1000,1000,-0.4796819920661092,-0.5424087461018507,-0.4747656564337458,-0.6008084916293647,14,10,15,22
7,4000,4000,-0.9786785988716173,-1.0503701324221446,-0.9617909955276637,-1.1017027936411623,16,12,17,26
7,4000,4000,-0.9931114053440042,-1.0844735241572043,-1.0087786186306402,-1.1413099950247616,16,12,17,26
7,4000,4000,-1.0952314545214612,-1.2054789812869948,-1.116213312192359,-1.271090191920809,16,12,17,26
7,4000,4000,-0.977136777090569,-1.0629178011676013,-0.9818033084634035,-1.1288805865787717,16,12,17,26
7,4000,4000,-0.659328890534176,-0.7612629904815749,-0.6832917463953335,-0.815341724915058,16,12,17,26
7,4000,4000,-0.8452400731576573,-0.9465668015177844,-0.8631857292499872,-1.0045763492282023,16,12,17,26
7,4000,4000,-0.7069783170109586,-0.8042379379012409,-0.7107223557140369,-0.8470136013790589,16,12,17,26
7,4000,4000,-0.8937870038399933,-0.9887341385687459,-0.8827094083529955,-1.0399031003303298,16,12,17,26
7,4000,4000,-0.8147347499070565,-0.9049530047502858,-0.8501908076016426,-0.9797212880641573,16,12,17,26
7,4000,4000,-0.7211463789802656,-0.795618325486238,-0.6981595136274709,-0.8452210477041945,16,12,17,26
7,4000,4000,-0.9216207286462168,-0.9990885508883802,-0.9100308105646081,-1.0546904029193165,16,12,17,26
7,4000,4000,-0.989151933961316,-1.073133896329422,-0.9893627871856688,-1.1363774566308866,16,12,17,26
7,4000,4000,-0.48779312437940553,-0.58630350736941,-0.5038943664601784,-0.6348978907565989,16,12,17,26
7,4000,4000,-0.7720852576879169,-0.8746034542354119,-0.7940511150830271,-0.9417174263153565,16,12,17,26
7,4000,4000,-1.068036322412674,-1.1458536623237514,-1.0126079263009498,-1.197346296186859,16,12,17,26
7,4000,4000,-0.8504014013037285,-0.9409230078953842,-0.8572627863213529,-0.9959962139192785,16,12,17,26
7,4000,4000,-1.1538075745752832,-1.249435891033043,-1.114678318274473,-1.3013688769209812,16,12,17,26
7,4000,4000,-0.7419814937091587,-0.8376509841558273,-0.7702137699727127,-0.9040363613390692,16,12,17,26
7,4000,4000,-0.7535038116652968,-0.8506726231609518,-0.7381485469958189,-0.8941432968300451,16,12,17,26
7,4000,4000,-0.8819496638147403,-0.9811815038798086,-0.8905805562651958,-1.034098240980751,16,12,17,26
7,4000,4000,-0.7329865931207805,-0.8210692974607992,-0.7275355826720351,-0.8652279982339005,16,12,17,26
7,4000,4000,-0.9943359586812166,-1.07915151728647,-0.9468128339616187,-1.1236846919977743,16,12,17,26
7,4000,4000,-1.057323593779075,-1.1637731502172892,-1.052384549548121,-1.215539664263285,16,12,17,26
7,4000,4000,-0.8259214036230497,-0.9221884414291662,-0.8098686971070874,-0.9631631431396572,16,12,17,26
7,4000,4000,-0.8800078377867813,-0.9840535984243761,-0.929712331104939,-1.0446695985814058,16,12,17,26
7,4000,4000,-0.5525986573715836,-0.6500782223810929,-0.5748602015580982,-0.7060022361903456,16,12,17,26
7,4000,4000,-0.8666953203934563,-0.9503106984179449,-0.8300226221736248,-0.9939495538944638,16,12,17,26
7,4000,4000,-0.7198518643216321,-0.8100576875102006,-0.7422203089669475,-0.8640424634829842,16,12,17,26
7,4000,4000,-0.9979893278460368,-1.1029672333638554,-0.9768176366806165,-1.1451857294076508,16,12,17,26
7,4000,4000,-0.716217812677487,-0.809311094260218,-0.7514575077949194,-0.8708212190691357,16,12,17,26
7,4000,4000,-0.8169338016193178,-0.9189683688142268,-0.8430079611262635,-0.9821206584584888,16,12,17,26
7,4000,4000,-0.7311979998552888,-0.7999683859560737,-0.6929883558676083,-0.8465750496993633,16,12,17,26
7,4000,4000,-1.0564472902837205,-1.1424830416057465,-0.9943583397913272,-1.1889975073467576,16,12,17,26
7,4000,4000,-0.6148171532553269,-0.6820583465148738,-0.5841617858890504,-0.7247116740708379,16,12,17,26
7,4000,4000,-0.8655113717381618,-0.9718797613232546,-0.8897761474403296,-1.0256304878259297,16,12,17,26
7,4000,4000,-0.8394528451957721,-0.9359690732552354,-0.856598461545721,-0.9902273138141309,16,12,17,26
7,4000,4000,-0.7798146846876362,-0.860491029400735,-0.7435970587651227,-0.9076659323053909,16,12,17,26
7,4000,4000,-0.7246453309411208,-0.8195534746120248,-0.7254790273057297,-0.865999668815045,16,12,17,26
7,4000,4000,-0.6357467354364162,-0.7404255068666362,-0.6767023065559451,-0.8010863705302536,16,12,17,26
7,4000,4000,-0.6665166643244702,-0.7492594412352964,-0.7031832283545082,-0.8220761057824056,16,12,17,26
7,4000,4000,-1.0359880601500473,-1.120824599355904,-0.9968400364189847,-1.167138407281239,16,12,17,26
7,4000,4000,-0.8406172010626988,-0.9398811672028714,-0.8434815812036186,-0.9886846143191679,16,12,17,26
7,4000,4000,-0.704235894468834,-0.7934447463573915,-0.6872867972918785,-0.832267551838354,16,12,17,26
7,4000,4000,-0.500962936468538,-0.6035040862718369,-0.5449005694058479,-0.6684573746159176,16,12,17,26
7,4000,4000,-0.9997242555711601,-1.094679240272535,-1.0145463619734956,-1.1575710168795086,16,12,17,26
7,4000,4000,-0.7992160741463095,-0.8983759014082607,-0.8111102003623064,-0.9527447168004591,16,12,17,26
7,4000,4000,-0.8303068320655012,-0.9370765154858427,-0.8378033698062336,-0.9802695837489791,16,12,17,26
7,4000,4000,-1.0376155778917218,-1.1262728210159056,-0.9917478030984739,-1.1723616278587443,16,12,17,26
7,4000,4000,-0.9075656871791798,-0.9872466038852872,-0.8767113240707722,-1.0387669431328304,16,12,17,26
7,4000,4000,-0.6172612232171396,-0.7116830294241836,-0.6166471048999056,-0.7589124224703628,16,12,17,26
7,4000,4000,-1.0937800341097446,-1.1947530723023547,-1.0844394476934822,-1.251483059821293,16,12,17,26
7,4000,4000,-0.867762435038716,-0.9436942661647872,-0.8270025912190068,-0.9934120352139589,16,12,17,26
7,4000,4000,-0.6193724967028711,-0.6934835614651147,-0.641955737862685,-0.7604738225423134,16,12,17,26
7,4000,4000,-0.827815679288441,-0.9249883876152435,-0.8516977239589368,-0.9864823177823145,16,12,17,26
7,4000,4000,-0.9915053512826116,-1.0884857741224314,-0.9947159127734713,-1.1376877043162168,16,12,17,26
7,4000,4000,-0.952426530440358,-1.040059262519826,-0.9395294722871895,-1.093470385289267,16,12,17,26
7,4000,4000,-0.9800743677944429,-1.0911204493712339,-0.9798459793863585,-1.1395308023561956,16,12,17,26
7,4000,4000,-0.8540420713770546,-0.9293887703420678,-0.7338362942598305,-0.9693668027995882,16,12,17,26
7,4000,4000,-0.5492113998360619,-0.6240814516131667,-0.5732337524363911,-0.6824938919284123,16,12,17,26
7,4000,4000,-1.0543878288082225,-1.141031174745054,-0.9513315259522824,-1.1770634205387842,16,12,17,26
7,4000,4000,-0.6533514393740925,-0.7441860922298565,-0.6790131261485085,-0.8013388439563296,16,12,17,26
7,4000,4000,-0.5191687067318417,-0.6056964031810339,-0.5482695473078074,-0.6676539902188124,16,12,17,26
7,4000,4000,-0.8283060366190366,-0.9097132774346637,-0.7108776864248457,-0.9533929399458557,16,12,17,26
7,4000,4000,-0.8724837344944035,-0.9652700895661174,-0.8360171674102211,-1.0027633500118245,16,12,17,26
7,4000,4000,-0.6534595424708232,-0.7344665252610102,-0.6734113931158053,-0.7879143156503369,16,12,17,26
7,4000,4000,-1.0330720206020223,-1.1335154452824454,-1.0123794623189315,-1.1838195336421304,16,12,17,26
7,4000,4000,-0.8760113407019863,-0.9410564496057595,-0.8544795563676162,-0.9942610898802013,16,12,17,26
7,4000,4000,-0.7691147371464858,-0.8576946614708322,-0.7967476442824063,-0.9235057711113768,16,12,17,26
7,4000,4000,-0.9132636824377333,-0.9904014999287292,-0.8847884992835497,-1.0440907936270851,16,12,17,26
7,4000,4000,-0.6433358200406983,-0.7220680674947962,-0.6431873830482273,-0.7788387699856103,16,12,17,26
7,4000,4000,-0.945616645684745,-1.0348856400676314,-0.9233803927926447,-1.0836636273470577,16,12,17,26
7,4000,4000,-0.9557064182820523,-1.052019640008729,-0.9279274893818629,-1.0967778077169488,16,12,17,26
7,4000,4000,-0.6732458454316856,-0.7577173114558718,-0.672319936261767,-0.809250291764407,16,12,17,26
7,4000,4000,-1.0708188715684555,-1.1770874883580373,-1.0769072304165193,-1.2367842864672467,16,12,17,26
7,4000,4000,-0.7178912202557731,-0.7888343385068675,-0.6679833839936009,-0.8364962090868012,16,12,17,26
7,4000,4000,-1.2600065021171176,-1.3584439256469423,-1.1962828029769899,-1.4010518665894434,16,12,17,26
7,4000,4000,-0.8325651828972023,-0.9451654725678745,-0.849043585536916,-0.990878273559516,16,12,17,26
7,4000,4000,-0.7929506362881239,-0.8695244883554633,-0.7676268426606412,-0.9182589795973417,16,12,17,26
7,4000,4000,-0.6948201928431117,-0.7839670936689581,-0.6910239514145278,-0.833803656777016,16,12,17,26
7,4000,4000,-0.7448595477210657,-0.836887316435752,-0.7273260365634069,-0.8800717267832979,16,12,17,26
7,4000,4000,-0.8134268180313539,-0.891293874211984,-0.7678184093558448,-0.9357509989482332,16,12,17,26
7,4000,4000,-0.8185718128801581,-0.9026878500854564,-0.835019377196667,-0.9634738253060632,16,12,17,26
7,4000,4000,-0.8661166502178567,-0.9368639818596239,-0.8775318920690115,-1.000078611274761,16,12,17,26
7,4000,4000,-0.6990551124515023,-0.777143638285711,-0.7131943642944197,-0.8395571041022467,16,12,17,26
7,4000,4000,-1.151214631838142,-1.2529053949387872,-1.142156033573602,-1.3064472946808183,16,12,17,26
7,4000,4000,-1.0428912933679257,-1.1322445364517753,-1.005184231510473,-1.1829004689165212,16,12,17,26
7,4000,4000,-0.9232717111119009,-1.0298708387902733,-0.8923807414383882,-1.0754032213526379,16,12,17,26
7,4000,4000,-1.02228765207768,-1.1146323558172972,-1.0298617715096534,-1.173038073244721,16,12,17,26
7,4000,4000,-0.685310125407279,-0.7721622218892935,-0.7099009900483761,-0.8312724451872937,16,12,17,26
7,4000,4000,-0.7612050991260321,-0.8517053307735241,-0.755368800563756,-0.8982377954998492,16,12,17,26
7,4000,4000,-0.8213373604479921,-0.9419497436695683,-0.8403197263813436,-0.9973776545853307,16,12,17,26
7,4000,4000,-0.940602167102973,-1.0402810242650466,-0.9614974348990564,-1.09436087263617,16,12,17,26
7,4000,4000,-0.6027628808817035,-0.6895796598533006,-0.6238452645718989,-0.7499036501559158,16,12,17,26
7,4000,4000,-0.7662837784319682,-0.8658605951737282,-0.8046566318021378,-0.923575934292934,16,12,17,26
7,4000,4000,-1.0548151624553066,-1.1563701716315327,-1.0375222197781468,-1.2103327346431334,16,12,17,26
7,4000,4000,-1.0016324019107723,-1.0874201237102916,-0.9992885800333252,-1.1461753627886846,16,12,17,26
7,4000,4000,-1.1812126676201669,-1.2932767819901283,-1.1271163545700547,-1.3367134117794466,16,12,17,26
7,4000,4000,-0.6880182994785864,-0.7862047056824194,-0.6942043206142116,-0.8353027725147949,16,12,17,26
7,4000,4000,-0.9093368088724364,-1.0121965161838125,-0.9240756792367328,-1.0733136474185923,16,12,17,26
7,4000,4000,-0.781687738281471,-0.8605627245957294,-0.7551965762919208,-0.9162132667388633,16,12,17,26
